PRAGMA foreign_keys=OFF;
BEGIN TRANSACTION;
CREATE TABLE IF NOT EXISTS "django_migrations" ("id" integer NOT NULL PRIMARY KEY AUTOINCREMENT, "app" varchar(255) NOT NULL, "name" varchar(255) NOT NULL, "applied" datetime NOT NULL);
INSERT INTO django_migrations VALUES(1,'contenttypes','0001_initial','2025-08-07 18:50:46.944874');
INSERT INTO django_migrations VALUES(2,'auth','0001_initial','2025-08-07 18:50:46.950520');
INSERT INTO django_migrations VALUES(3,'admin','0001_initial','2025-08-07 18:50:46.954286');
INSERT INTO django_migrations VALUES(4,'admin','0002_logentry_remove_auto_add','2025-08-07 18:50:46.958769');
INSERT INTO django_migrations VALUES(5,'admin','0003_logentry_add_action_flag_choices','2025-08-07 18:50:46.961074');
INSERT INTO django_migrations VALUES(6,'contenttypes','0002_remove_content_type_name','2025-08-07 18:50:46.968082');
INSERT INTO django_migrations VALUES(7,'auth','0002_alter_permission_name_max_length','2025-08-07 18:50:46.971688');
INSERT INTO django_migrations VALUES(8,'auth','0003_alter_user_email_max_length','2025-08-07 18:50:46.975254');
INSERT INTO django_migrations VALUES(9,'auth','0004_alter_user_username_opts','2025-08-07 18:50:46.977601');
INSERT INTO django_migrations VALUES(10,'auth','0005_alter_user_last_login_null','2025-08-07 18:50:46.981922');
INSERT INTO django_migrations VALUES(11,'auth','0006_require_contenttypes_0002','2025-08-07 18:50:46.982591');
INSERT INTO django_migrations VALUES(12,'auth','0007_alter_validators_add_error_messages','2025-08-07 18:50:46.985086');
INSERT INTO django_migrations VALUES(13,'auth','0008_alter_user_username_max_length','2025-08-07 18:50:46.989483');
INSERT INTO django_migrations VALUES(14,'auth','0009_alter_user_last_name_max_length','2025-08-07 18:50:46.992808');
INSERT INTO django_migrations VALUES(15,'auth','0010_alter_group_name_max_length','2025-08-07 18:50:46.996277');
INSERT INTO django_migrations VALUES(16,'auth','0011_update_proxy_permissions','2025-08-07 18:50:46.999047');
INSERT INTO django_migrations VALUES(17,'auth','0012_alter_user_first_name_max_length','2025-08-07 18:50:47.002615');
INSERT INTO django_migrations VALUES(18,'users','0001_initial','2025-08-07 18:50:47.008138');
INSERT INTO django_migrations VALUES(19,'tournaments','0001_initial','2025-08-07 18:50:47.013974');
INSERT INTO django_migrations VALUES(20,'polls','0001_initial','2025-08-07 18:50:47.015830');
INSERT INTO django_migrations VALUES(21,'polls','0002_initial','2025-08-07 18:50:47.018996');
INSERT INTO django_migrations VALUES(22,'polls','0003_initial','2025-08-07 18:50:47.033287');
INSERT INTO django_migrations VALUES(23,'polls','0004_alter_lakepoll_name','2025-08-07 18:50:47.036686');
INSERT INTO django_migrations VALUES(24,'polls','0005_alter_lakepoll_name','2025-08-07 18:50:47.039724');
INSERT INTO django_migrations VALUES(25,'sessions','0001_initial','2025-08-07 18:50:47.041441');
INSERT INTO django_migrations VALUES(26,'tournaments','0002_initial','2025-08-07 18:50:47.094948');
INSERT INTO django_migrations VALUES(27,'tournaments','0003_alter_events_year_alter_payoutmultipliers_year_and_more','2025-08-07 18:50:47.105206');
INSERT INTO django_migrations VALUES(28,'users','0002_alter_officers_year','2025-08-07 18:50:47.109828');
INSERT INTO django_migrations VALUES(29,'tournaments','0004_calendarevent','2025-08-09 19:44:50.252698');
INSERT INTO django_migrations VALUES(30,'tournaments','0005_add_performance_indexes','2025-08-11 11:36:08.200439');
INSERT INTO django_migrations VALUES(31,'users','0003_add_performance_indexes','2025-08-11 11:36:08.214975');
INSERT INTO django_migrations VALUES(33,'users','0004_remove_angler_idx_member_and_more','2025-08-11 11:58:13.358777');
INSERT INTO django_migrations VALUES(34,'users','0005_update_default_profile_image','2025-08-12 21:56:31.549100');
INSERT INTO django_migrations VALUES(35,'users','0006_update_existing_default_images','2025-08-12 23:17:07.622146');
INSERT INTO django_migrations VALUES(37,'tournaments','0006_remove_events_idx_year_date_and_more','2025-08-14 03:59:43');
INSERT INTO django_migrations VALUES(38,'tournaments','0007_add_poll_to_tournament','2025-08-14 03:59:46');
INSERT INTO django_migrations VALUES(39,'tournaments','0008_alter_tournament_poll','2025-08-14 04:02:42.837318');
INSERT INTO django_migrations VALUES(40,'polls','0006_add_event_to_lakepoll','2025-08-16 15:09:14.310749');
INSERT INTO django_migrations VALUES(41,'tournaments','0009_remove_poll_from_tournament','2025-08-16 15:14:47.803277');
CREATE TABLE IF NOT EXISTS "auth_group_permissions" ("id" integer NOT NULL PRIMARY KEY AUTOINCREMENT, "group_id" integer NOT NULL REFERENCES "auth_group" ("id") DEFERRABLE INITIALLY DEFERRED, "permission_id" integer NOT NULL REFERENCES "auth_permission" ("id") DEFERRABLE INITIALLY DEFERRED);
CREATE TABLE IF NOT EXISTS "auth_user_groups" ("id" integer NOT NULL PRIMARY KEY AUTOINCREMENT, "user_id" integer NOT NULL REFERENCES "auth_user" ("id") DEFERRABLE INITIALLY DEFERRED, "group_id" integer NOT NULL REFERENCES "auth_group" ("id") DEFERRABLE INITIALLY DEFERRED);
CREATE TABLE IF NOT EXISTS "auth_user_user_permissions" ("id" integer NOT NULL PRIMARY KEY AUTOINCREMENT, "user_id" integer NOT NULL REFERENCES "auth_user" ("id") DEFERRABLE INITIALLY DEFERRED, "permission_id" integer NOT NULL REFERENCES "auth_permission" ("id") DEFERRABLE INITIALLY DEFERRED);
CREATE TABLE IF NOT EXISTS "django_admin_log" ("id" integer NOT NULL PRIMARY KEY AUTOINCREMENT, "object_id" text NULL, "object_repr" varchar(200) NOT NULL, "action_flag" smallint unsigned NOT NULL CHECK ("action_flag" >= 0), "change_message" text NOT NULL, "content_type_id" integer NULL REFERENCES "django_content_type" ("id") DEFERRABLE INITIALLY DEFERRED, "user_id" integer NOT NULL REFERENCES "auth_user" ("id") DEFERRABLE INITIALLY DEFERRED, "action_time" datetime NOT NULL);
CREATE TABLE IF NOT EXISTS "django_content_type" ("id" integer NOT NULL PRIMARY KEY AUTOINCREMENT, "app_label" varchar(100) NOT NULL, "model" varchar(100) NOT NULL);
INSERT INTO django_content_type VALUES(1,'users','angler');
INSERT INTO django_content_type VALUES(2,'users','officers');
INSERT INTO django_content_type VALUES(3,'polls','lakepoll');
INSERT INTO django_content_type VALUES(4,'polls','lakevote');
INSERT INTO django_content_type VALUES(5,'tournaments','events');
INSERT INTO django_content_type VALUES(6,'tournaments','lake');
INSERT INTO django_content_type VALUES(7,'tournaments','payoutmultipliers');
INSERT INTO django_content_type VALUES(8,'tournaments','result');
INSERT INTO django_content_type VALUES(9,'tournaments','ruleset');
INSERT INTO django_content_type VALUES(10,'tournaments','teamresult');
INSERT INTO django_content_type VALUES(11,'tournaments','tournament');
INSERT INTO django_content_type VALUES(12,'tournaments','ramp');
INSERT INTO django_content_type VALUES(13,'auth','permission');
INSERT INTO django_content_type VALUES(14,'auth','group');
INSERT INTO django_content_type VALUES(15,'auth','user');
INSERT INTO django_content_type VALUES(16,'admin','logentry');
INSERT INTO django_content_type VALUES(17,'sessions','session');
INSERT INTO django_content_type VALUES(18,'contenttypes','contenttype');
INSERT INTO django_content_type VALUES(19,'tournaments','calendarevent');
CREATE TABLE IF NOT EXISTS "auth_permission" ("id" integer NOT NULL PRIMARY KEY AUTOINCREMENT, "content_type_id" integer NOT NULL REFERENCES "django_content_type" ("id") DEFERRABLE INITIALLY DEFERRED, "codename" varchar(100) NOT NULL, "name" varchar(255) NOT NULL);
INSERT INTO auth_permission VALUES(1,1,'add_angler','Can add angler');
INSERT INTO auth_permission VALUES(2,1,'change_angler','Can change angler');
INSERT INTO auth_permission VALUES(3,1,'delete_angler','Can delete angler');
INSERT INTO auth_permission VALUES(4,1,'view_angler','Can view angler');
INSERT INTO auth_permission VALUES(5,2,'add_officers','Can add officers');
INSERT INTO auth_permission VALUES(6,2,'change_officers','Can change officers');
INSERT INTO auth_permission VALUES(7,2,'delete_officers','Can delete officers');
INSERT INTO auth_permission VALUES(8,2,'view_officers','Can view officers');
INSERT INTO auth_permission VALUES(9,3,'add_lakepoll','Can add lake poll');
INSERT INTO auth_permission VALUES(10,3,'change_lakepoll','Can change lake poll');
INSERT INTO auth_permission VALUES(11,3,'delete_lakepoll','Can delete lake poll');
INSERT INTO auth_permission VALUES(12,3,'view_lakepoll','Can view lake poll');
INSERT INTO auth_permission VALUES(13,4,'add_lakevote','Can add lake vote');
INSERT INTO auth_permission VALUES(14,4,'change_lakevote','Can change lake vote');
INSERT INTO auth_permission VALUES(15,4,'delete_lakevote','Can delete lake vote');
INSERT INTO auth_permission VALUES(16,4,'view_lakevote','Can view lake vote');
INSERT INTO auth_permission VALUES(17,5,'add_events','Can add events');
INSERT INTO auth_permission VALUES(18,5,'change_events','Can change events');
INSERT INTO auth_permission VALUES(19,5,'delete_events','Can delete events');
INSERT INTO auth_permission VALUES(20,5,'view_events','Can view events');
INSERT INTO auth_permission VALUES(21,6,'add_lake','Can add lake');
INSERT INTO auth_permission VALUES(22,6,'change_lake','Can change lake');
INSERT INTO auth_permission VALUES(23,6,'delete_lake','Can delete lake');
INSERT INTO auth_permission VALUES(24,6,'view_lake','Can view lake');
INSERT INTO auth_permission VALUES(25,7,'add_payoutmultipliers','Can add pay out multipliers');
INSERT INTO auth_permission VALUES(26,7,'change_payoutmultipliers','Can change pay out multipliers');
INSERT INTO auth_permission VALUES(27,7,'delete_payoutmultipliers','Can delete pay out multipliers');
INSERT INTO auth_permission VALUES(28,7,'view_payoutmultipliers','Can view pay out multipliers');
INSERT INTO auth_permission VALUES(29,8,'add_result','Can add result');
INSERT INTO auth_permission VALUES(30,8,'change_result','Can change result');
INSERT INTO auth_permission VALUES(31,8,'delete_result','Can delete result');
INSERT INTO auth_permission VALUES(32,8,'view_result','Can view result');
INSERT INTO auth_permission VALUES(33,9,'add_ruleset','Can add rule set');
INSERT INTO auth_permission VALUES(34,9,'change_ruleset','Can change rule set');
INSERT INTO auth_permission VALUES(35,9,'delete_ruleset','Can delete rule set');
INSERT INTO auth_permission VALUES(36,9,'view_ruleset','Can view rule set');
INSERT INTO auth_permission VALUES(37,10,'add_teamresult','Can add team result');
INSERT INTO auth_permission VALUES(38,10,'change_teamresult','Can change team result');
INSERT INTO auth_permission VALUES(39,10,'delete_teamresult','Can delete team result');
INSERT INTO auth_permission VALUES(40,10,'view_teamresult','Can view team result');
INSERT INTO auth_permission VALUES(41,11,'add_tournament','Can add tournament');
INSERT INTO auth_permission VALUES(42,11,'change_tournament','Can change tournament');
INSERT INTO auth_permission VALUES(43,11,'delete_tournament','Can delete tournament');
INSERT INTO auth_permission VALUES(44,11,'view_tournament','Can view tournament');
INSERT INTO auth_permission VALUES(45,12,'add_ramp','Can add ramp');
INSERT INTO auth_permission VALUES(46,12,'change_ramp','Can change ramp');
INSERT INTO auth_permission VALUES(47,12,'delete_ramp','Can delete ramp');
INSERT INTO auth_permission VALUES(48,12,'view_ramp','Can view ramp');
INSERT INTO auth_permission VALUES(49,13,'add_permission','Can add permission');
INSERT INTO auth_permission VALUES(50,13,'change_permission','Can change permission');
INSERT INTO auth_permission VALUES(51,13,'delete_permission','Can delete permission');
INSERT INTO auth_permission VALUES(52,13,'view_permission','Can view permission');
INSERT INTO auth_permission VALUES(53,14,'add_group','Can add group');
INSERT INTO auth_permission VALUES(54,14,'change_group','Can change group');
INSERT INTO auth_permission VALUES(55,14,'delete_group','Can delete group');
INSERT INTO auth_permission VALUES(56,14,'view_group','Can view group');
INSERT INTO auth_permission VALUES(57,15,'add_user','Can add user');
INSERT INTO auth_permission VALUES(58,15,'change_user','Can change user');
INSERT INTO auth_permission VALUES(59,15,'delete_user','Can delete user');
INSERT INTO auth_permission VALUES(60,15,'view_user','Can view user');
INSERT INTO auth_permission VALUES(61,16,'add_logentry','Can add log entry');
INSERT INTO auth_permission VALUES(62,16,'change_logentry','Can change log entry');
INSERT INTO auth_permission VALUES(63,16,'delete_logentry','Can delete log entry');
INSERT INTO auth_permission VALUES(64,16,'view_logentry','Can view log entry');
INSERT INTO auth_permission VALUES(65,17,'add_session','Can add session');
INSERT INTO auth_permission VALUES(66,17,'change_session','Can change session');
INSERT INTO auth_permission VALUES(67,17,'delete_session','Can delete session');
INSERT INTO auth_permission VALUES(68,17,'view_session','Can view session');
INSERT INTO auth_permission VALUES(69,18,'add_contenttype','Can add content type');
INSERT INTO auth_permission VALUES(70,18,'change_contenttype','Can change content type');
INSERT INTO auth_permission VALUES(71,18,'delete_contenttype','Can delete content type');
INSERT INTO auth_permission VALUES(72,18,'view_contenttype','Can view content type');
INSERT INTO auth_permission VALUES(73,19,'add_calendarevent','Can add Calendar Event');
INSERT INTO auth_permission VALUES(74,19,'change_calendarevent','Can change Calendar Event');
INSERT INTO auth_permission VALUES(75,19,'delete_calendarevent','Can delete Calendar Event');
INSERT INTO auth_permission VALUES(76,19,'view_calendarevent','Can view Calendar Event');
CREATE TABLE IF NOT EXISTS "auth_group" ("id" integer NOT NULL PRIMARY KEY AUTOINCREMENT, "name" varchar(150) NOT NULL UNIQUE);
CREATE TABLE IF NOT EXISTS "auth_user" ("id" integer NOT NULL PRIMARY KEY AUTOINCREMENT, "password" varchar(128) NOT NULL, "last_login" datetime NULL, "is_superuser" bool NOT NULL, "username" varchar(150) NOT NULL UNIQUE, "last_name" varchar(150) NOT NULL, "email" varchar(254) NOT NULL, "is_staff" bool NOT NULL, "is_active" bool NOT NULL, "date_joined" datetime NOT NULL, "first_name" varchar(150) NOT NULL);
INSERT INTO auth_user VALUES(393,'pbkdf2_sha256$600000$xmNVgkYv9cxXdbC9YVpWzf$JcsK7IWBnn6s0r9VfE/3dIDAwAXfUgqPW4InaPvEutY=',NULL,1,'admin','','admin@sabc.com',1,1,'2025-08-09 01:56:09.737246','');
INSERT INTO auth_user VALUES(394,'!Es2nmNClOj7UsoOSE9VzJl4K9DhTjKc8xATBQ92f',NULL,0,'club_president','Morrison','jake.morrison@email.com',0,1,'2025-08-10 19:03:24.369092','Jake');
INSERT INTO auth_user VALUES(395,'!PD5sYQpQI22DfjusM4WlsnTXNgfM8ccuBIM5k0Hn',NULL,0,'club_vp','Williams','sarah.williams@email.com',0,1,'2025-08-10 19:03:24.386685','Sarah');
INSERT INTO auth_user VALUES(396,'!00wNS1DQVvg4Dm7b24bbUOEuZ0F8HeUE5mt4bI5x',NULL,0,'club_treasurer','Johnson','mike.johnson@email.com',0,1,'2025-08-10 19:03:24.388783','Mike');
INSERT INTO auth_user VALUES(397,'!93uStORlqvbhoyNaUhwE9yvzgJ2rKhVvFL2hubbN',NULL,0,'club_secretary','Davis','lisa.davis@email.com',0,1,'2025-08-10 19:03:24.390089','Lisa');
INSERT INTO auth_user VALUES(398,'!evxOhwIhVjdvVDm4v1L0wdln5wd3MmkVbuhdopUO',NULL,0,'bass_master_tx','Rodriguez','tommy.rodriguez@email.com',0,1,'2025-08-10 19:03:24.391432','Tommy');
INSERT INTO auth_user VALUES(399,'!TuZCr9FJG8okLHmXviGQebtnpVX2liQEPyqSQVD9',NULL,0,'fishing_guru','Thompson','bobby.thompson@email.com',0,1,'2025-08-10 19:03:24.392318','Bobby');
INSERT INTO auth_user VALUES(400,'!YwFmIQ3z2xTRk3B95WTvgEpLSx2hyqrWyFwerNJc',NULL,0,'lake_legend','Martinez','charlie.martinez@email.com',0,1,'2025-08-10 19:03:24.393632','Charlie');
INSERT INTO auth_user VALUES(401,'!UipXEBbRQhxdUFv9aBUCimvJaObziIk5cSVCEG8p',NULL,0,'hook_setter','Anderson','david.anderson@email.com',0,1,'2025-08-10 19:03:24.394967','David');
INSERT INTO auth_user VALUES(402,'!vUmFdQJ14vUM9W99aIjFl6mMWl43zZpFQUTaq0pz',NULL,0,'reel_deal','Garcia','eddie.garcia@email.com',0,1,'2025-08-10 19:03:24.395852','Eddie');
INSERT INTO auth_user VALUES(403,'!PO9toRR9NmOGQQhBrSLz28Vkx8Mh4euPUUj1VOHE',NULL,0,'bass_hunter','Wilson','frank.wilson@email.com',0,1,'2025-08-10 19:03:24.396694','Frank');
INSERT INTO auth_user VALUES(404,'!Oiu8RTkFIzEnchdfhVGPwKHuKvPg7M8i3hhdhxkc',NULL,0,'top_water','Miller','gary.miller@email.com',0,1,'2025-08-10 19:03:24.397593','Gary');
INSERT INTO auth_user VALUES(405,'!5b13nud8RafqjbjqYXgieuuuvUGuIkMFWOAMEiJC',NULL,0,'bass_pro','Brown','henry.brown@email.com',0,1,'2025-08-10 19:03:24.398529','Henry');
INSERT INTO auth_user VALUES(406,'!moVVHFadFSvpLzjY3e1IzaJV5GdM4Z3bhnL8GCfM',NULL,0,'fishing_ace','Jones','ian.jones@email.com',0,1,'2025-08-10 19:03:24.399584','Ian');
INSERT INTO auth_user VALUES(407,'!W6VZNNWKIfTjIZzUo8yWjxDCH0cpqEoNYGcse5Qd',NULL,0,'angler_joe','Davis','joe.davis@email.com',0,1,'2025-08-10 19:03:24.400453','Joe');
INSERT INTO auth_user VALUES(408,'!6Hx8VuzkdY0MlpS3wETsI5gtH95fWW1ivK3AY6X2',NULL,0,'lake_king','Moore','kevin.moore@email.com',0,1,'2025-08-10 19:03:24.401289','Kevin');
INSERT INTO auth_user VALUES(409,'!Xnax6QaByaGR4imMsYhZDriUIEiJZAcLatrh1eHs',NULL,0,'bass_whisperer','Taylor','larry.taylor@email.com',0,1,'2025-08-10 19:03:24.402158','Larry');
INSERT INTO auth_user VALUES(410,'!MD5HUcedEXCQUEDSAHF2xXkiHJijwN8B9gHPNwPm',NULL,0,'fishing_machine','Jackson','mark.jackson@email.com',0,1,'2025-08-10 19:03:24.402994','Mark');
INSERT INTO auth_user VALUES(411,'!3Ioo1J42tLhlClvwNQgDHdV7LqWYXl2435nFluMS',NULL,0,'angler_nick','White','nick.white@email.com',0,1,'2025-08-10 19:03:24.403839','Nick');
INSERT INTO auth_user VALUES(412,'!CUOhmhwqjeKhurbGWfmRBeQi7IEiTWH31M2efVlr',NULL,0,'bass_catcher','Harris','oscar.harris@email.com',0,1,'2025-08-10 19:03:24.404705','Oscar');
INSERT INTO auth_user VALUES(413,'!oa8LPZjnUjwmDahiyMyv2r6Y7oKm1UGAbJhVQeYJ',NULL,0,'fishing_pete','Martin','pete.martin@email.com',0,1,'2025-08-10 19:03:24.405888','Pete');
INSERT INTO auth_user VALUES(414,'!iYb2wIJ8EDobjepx8RnBcfvSXrFeCyoTT7iZGH5U',NULL,0,'trophy_hunter','Lee','quinn.lee@email.com',0,1,'2025-08-10 19:03:24.406870','Quinn');
INSERT INTO auth_user VALUES(415,'!3HZ6iOD3PuA7dYSgLo7OgvHHz2JQV8GDNSBAFiF4',NULL,0,'reel_time','Walker','rick.walker@email.com',0,1,'2025-08-10 19:03:24.407829','Rick');
INSERT INTO auth_user VALUES(416,'!DNldRpVt06CAJgvlBqweHX0W1nGW6ZYDbOU1oD9K',NULL,0,'bass_slayer','Hall','steve.hall@email.com',0,1,'2025-08-10 19:03:24.408704','Steve');
INSERT INTO auth_user VALUES(417,'!aCR8LKBjN2qjJ6iCCZJslGxsAayZBp3Kng1VXJuC',NULL,0,'fishing_tim','Allen','tim.allen@email.com',0,1,'2025-08-10 19:03:24.409536','Tim');
INSERT INTO auth_user VALUES(418,'!BiVkK19I0GvyzWRqh9S641MlbQoDY5SEvefL3771',NULL,0,'angler_vic','Young','victor.young@email.com',0,1,'2025-08-10 19:03:24.410374','Victor');
INSERT INTO auth_user VALUES(419,'!Sq9PdkWgNVNwyELHykPBXbAIpBWPuJ0Phrh0tgHl',NULL,0,'bass_wizard','King','walter.king@email.com',0,1,'2025-08-10 19:03:24.411222','Walter');
INSERT INTO auth_user VALUES(420,'!PZLIDMxgRUScjWjp2chCXVroxhYxkh7oPZO0xcf6',NULL,0,'fishing_xavier','Wright','xavier.wright@email.com',0,1,'2025-08-10 19:03:24.412095','Xavier');
INSERT INTO auth_user VALUES(421,'!pCMp1e91ozCZZ5a2n8iouLOH0dDKkMlFp821VrZm',NULL,0,'angler_yancy','Lopez','yancy.lopez@email.com',0,1,'2025-08-10 19:03:24.412954','Yancy');
INSERT INTO auth_user VALUES(422,'!8yrIZs9ZzgHIxATIPhD2XLDsXh6vxBokzNdpW7hI',NULL,0,'bass_zack','Hill','zack.hill@email.com',0,1,'2025-08-10 19:03:24.413969','Zack');
INSERT INTO auth_user VALUES(423,'!mhO6akgRSlUYwR2nRBIgkRL3OZcuUZJHk9tn4ILg',NULL,0,'austin_angler','Green','austin.green@email.com',0,1,'2025-08-10 19:03:24.415712','Austin');
INSERT INTO auth_user VALUES(424,'!LzYp3sydnWZrdP1j8b1YtcFUtFyY465v7P1TW9sJ',NULL,0,'bass_brad','Scott','brad.scott@email.com',0,1,'2025-08-10 19:03:24.417480','Brad');
INSERT INTO auth_user VALUES(425,'!nMx1PpMtWY04LLOakebvEohLIgoYXqUnBkxXHa62',NULL,0,'fishing_chris','Adams','chris.adams@email.com',0,1,'2025-08-10 19:03:24.419290','Chris');
INSERT INTO auth_user VALUES(426,'!1kRS4WG6eFtBswjSiTzGpZboBoTJ3VnWYUeoHFRv',NULL,0,'angler_dan','Baker','dan.baker@email.com',0,1,'2025-08-10 19:03:24.420312','Dan');
INSERT INTO auth_user VALUES(427,'!zuID8Kv5xBP1MRX7ib9jXLhmZtCc7S3NQLAV9xbt',NULL,0,'bass_earl','Gonzalez','earl.gonzalez@email.com',0,1,'2025-08-10 19:03:24.421327','Earl');
INSERT INTO auth_user VALUES(428,'!jVjPkmDnecVMWrPf2mD7uWDJwRC8TKtkdiTJBJOP',NULL,0,'fishing_fred','Nelson','fred.nelson@email.com',0,1,'2025-08-10 19:03:24.422241','Fred');
INSERT INTO auth_user VALUES(429,'!zr3w9zxRYhE84XaLy6C4olRhZhH8DeIVl1cFaHUp',NULL,0,'angler_glen','Carter','glen.carter@email.com',0,1,'2025-08-10 19:03:24.423240','Glen');
INSERT INTO auth_user VALUES(430,'!QRst5Y066fzd3G92DioE1rJEJh3kwF32MVtF9z6x',NULL,0,'bass_hank','Mitchell','hank.mitchell@email.com',0,1,'2025-08-10 19:03:24.424195','Hank');
INSERT INTO auth_user VALUES(431,'!mWQCHjwppcVaN6jKuQeMfhjSi0WRvOsAX3659Ex3',NULL,0,'fishing_ivan','Perez','ivan.perez@email.com',0,1,'2025-08-10 19:03:24.425105','Ivan');
INSERT INTO auth_user VALUES(432,'!zdmWyH55mHQlw5Myb3tx03xBCfdDgcuYJSwVvyWZ',NULL,0,'angler_jack','Roberts','jack.roberts@email.com',0,1,'2025-08-10 19:03:24.426003','Jack');
INSERT INTO auth_user VALUES(433,'!OeI68dp6xMNDfRLvTnP7tMVe2sBfHSh1LvTDreEO',NULL,0,'bass_kyle','Turner','kyle.turner@email.com',0,1,'2025-08-10 19:03:24.427054','Kyle');
INSERT INTO auth_user VALUES(434,'!PNkpWgM7vs6NJScfIKPCh361FYFNkrNk7Jnn0Lib',NULL,0,'fishing_luke','Phillips','luke.phillips@email.com',0,1,'2025-08-10 19:03:24.427933','Luke');
INSERT INTO auth_user VALUES(435,'!04Q9ogeUaDtxPAwVBm4Sdh6sO0j5dEHlUbtqDzmZ',NULL,0,'angler_max','Campbell','max.campbell@email.com',0,1,'2025-08-10 19:03:24.428920','Max');
INSERT INTO auth_user VALUES(436,'!qABgLkjX0Yv7sriXUBknPDbOuwzZN0lMdRRGtyjx',NULL,0,'bass_noah','Parker','noah.parker@email.com',0,1,'2025-08-10 19:03:24.429880','Noah');
INSERT INTO auth_user VALUES(437,'!6xZNbyXg3zeM6CQRQbaBQ4mtuZj9D12AgKpb1mRy',NULL,0,'fishing_owen','Evans','owen.evans@email.com',0,1,'2025-08-10 19:03:24.431262','Owen');
INSERT INTO auth_user VALUES(438,'!6HmSWoN9oAC34LvfYdk0o2IBR0LzeqxPV6DgaCbs',NULL,0,'angler_paul','Edwards','paul.edwards@email.com',0,1,'2025-08-10 19:03:24.432230','Paul');
INSERT INTO auth_user VALUES(439,'!2IWB8SXOKaULJEPb8iouWomADEXUnMeuURMPd7RX',NULL,0,'bass_quentin','Collins','quentin.collins@email.com',0,1,'2025-08-10 19:03:24.433108','Quentin');
INSERT INTO auth_user VALUES(440,'!1b7hbOsmHELAkUo0Gum9w8aUTRdvGqHv7RMz6P4M',NULL,0,'fishing_roy','Stewart','roy.stewart@email.com',0,1,'2025-08-10 19:03:24.433990','Roy');
INSERT INTO auth_user VALUES(441,'!CWi6w1bKf35OxWM2YurF5k9LQJcAsovTmsgnij6l',NULL,0,'angler_sam','Sanchez','sam.sanchez@email.com',0,1,'2025-08-10 19:03:24.434837','Sam');
INSERT INTO auth_user VALUES(442,'!FK1fPpsChjh79sUoSMgvKQxlJKdhEnJCvrutNq7o',NULL,0,'bass_tyler','Morris','tyler.morris@email.com',0,1,'2025-08-10 19:03:24.435757','Tyler');
INSERT INTO auth_user VALUES(443,'!ah9xg0uJgJRYLJnUe4y0Yopjmak2xLF7caglCuwk',NULL,0,'fishing_uri','Rogers','uri.rogers@email.com',0,1,'2025-08-10 19:03:24.436685','Uri');
INSERT INTO auth_user VALUES(444,'!8rDFPVAqx9JLSEKuhHi3ZZaCk1EZdO5LelY57xCG',NULL,0,'angler_vince','Reed','vince.reed@email.com',0,1,'2025-08-10 19:03:24.437516','Vince');
INSERT INTO auth_user VALUES(445,'!IZzMyqX7PRFtsNFU21KfPIFdpdzoP6mrsbBoe7ik',NULL,0,'bass_wade','Cook','wade.cook@email.com',0,1,'2025-08-10 19:03:24.438371','Wade');
INSERT INTO auth_user VALUES(446,'!hhQRDNmZ2sFnQyLFe7hFBEI3TZpG3SuqFv1JnK7C',NULL,0,'fishing_xavier2','Morgan','xander.morgan@email.com',0,1,'2025-08-10 19:03:24.462066','Xander');
INSERT INTO auth_user VALUES(447,'!qKu0ggyaAMWLATbJ8LNhECz7053WBVQ08Ih4i1Ud',NULL,0,'angler_yale','Bell','yale.bell@email.com',0,1,'2025-08-10 19:03:24.463384','Yale');
INSERT INTO auth_user VALUES(448,'!eotawlUqJwQgigEQDDJ1CuBF0sZKPoNF5sRHb0sG',NULL,0,'bass_zane','Murphy','zane.murphy@email.com',0,1,'2025-08-10 19:03:24.464303','Zane');
INSERT INTO auth_user VALUES(449,'!zvBvNiQc3YlgJWbO6G2mehYiQ1JIlbwvm5Mlm3lH',NULL,0,'fishing_aaron','Bailey','aaron.bailey@email.com',0,1,'2025-08-10 19:03:24.465236','Aaron');
INSERT INTO auth_user VALUES(450,'!sfmD5peRn0V7rRZGjbFAhqOwniPZEC3ZH77WRDZS',NULL,0,'angler_blake','Rivera','blake.rivera@email.com',0,1,'2025-08-10 19:03:24.466097','Blake');
INSERT INTO auth_user VALUES(451,'!nrNNSslzFkMWfvxu6W2odpdyyFp9BobfqQkDY2mI',NULL,0,'bass_caleb','Cooper','caleb.cooper@email.com',0,1,'2025-08-10 19:03:24.466919','Caleb');
INSERT INTO auth_user VALUES(452,'!S1OUvbkbVlnQ6S7oO1X6gvBZkZRsXso87mijO37u',NULL,0,'fishing_drake','Richardson','drake.richardson@email.com',0,1,'2025-08-10 19:03:24.467794','Drake');
INSERT INTO auth_user VALUES(453,'!MLKppcdB1pDty2ZzWcGT9PTN3qNoayUB883VZ72r',NULL,0,'angler_ethan','Cox','ethan.cox@email.com',0,1,'2025-08-10 19:03:24.468705','Ethan');
INSERT INTO auth_user VALUES(454,'!DCYwgxTIQcZMAaHtQbJ7rc14JlkJza30bOOul9mt',NULL,0,'bass_felix','Ward','felix.ward@email.com',0,1,'2025-08-10 19:03:24.469636','Felix');
INSERT INTO auth_user VALUES(455,'!jmulaSeR9nOyQmJK9reriSvtwi0wrUTvd6sdpSAw',NULL,0,'fishing_gavin','Torres','gavin.torres@email.com',0,1,'2025-08-10 19:03:24.470435','Gavin');
INSERT INTO auth_user VALUES(456,'!lzC7mDK8RbPJwJFnZ5IzDLSHODyqx1msc0oPfDpk',NULL,0,'angler_hayden','Peterson','hayden.peterson@email.com',0,1,'2025-08-10 19:03:24.471275','Hayden');
INSERT INTO auth_user VALUES(457,'!Wh2ETRm8sHKOIUmMckRJChjsfyoKjOaMIdqdIS8Y',NULL,0,'bass_isaac','Gray','isaac.gray@email.com',0,1,'2025-08-10 19:03:24.472038','Isaac');
INSERT INTO auth_user VALUES(458,'!bKBJkS7goedmyxKDlUCbLWKr4mJDE9kfLmnbsqJj',NULL,0,'fishing_jacob','Ramirez','jacob.ramirez@email.com',0,1,'2025-08-10 19:03:24.472912','Jacob');
INSERT INTO auth_user VALUES(459,'!jrTdm4B8wrqUyMUYG0tUUaEfvvnbs3EDYjdSZ4aY',NULL,0,'angler_keith','James','keith.james@email.com',0,1,'2025-08-10 19:03:24.473946','Keith');
INSERT INTO auth_user VALUES(460,'!9JbTSsOvPn31hAmBRt2jaLsw67yZ6Zr5ITbH4qGO',NULL,0,'bass_liam','Watson','liam.watson@email.com',0,1,'2025-08-10 19:03:24.474803','Liam');
INSERT INTO auth_user VALUES(461,'!QDj9qp091MQHVc2608aq614C7APY0buMnei0Ii28',NULL,0,'fishing_mason','Brooks','mason.brooks@email.com',0,1,'2025-08-10 19:03:24.475577','Mason');
INSERT INTO auth_user VALUES(462,'!aCE9NcGwAuDNjC0ccGgexaBKPMulzpz9mlYFW7dI',NULL,0,'angler_nate','Kelly','nate.kelly@email.com',0,1,'2025-08-10 19:03:24.476376','Nate');
INSERT INTO auth_user VALUES(463,'!fRlrwG0FExr4BXqxRJ38tb94xElSh1KHwlMw49Zj',NULL,0,'bass_oliver','Sanders','oliver.sanders@email.com',0,1,'2025-08-10 19:03:24.477156','Oliver');
INSERT INTO auth_user VALUES(464,'!DXI8TYesTLDSubbjSUQoJSkT1Qv8k7zuE8AHNMfI',NULL,0,'fishing_parker','Price','parker.price@email.com',0,1,'2025-08-10 19:03:24.478075','Parker');
INSERT INTO auth_user VALUES(465,'!ovYAsqCCySOus8D9sl7EOVjBcC7gCu0Abcf3nI20',NULL,0,'angler_quincy','Bennett','quincy.bennett@email.com',0,1,'2025-08-10 19:03:24.478907','Quincy');
INSERT INTO auth_user VALUES(466,'!Dlcu6z4gCeBp5IWfhJ6WHCPYDtQaCIIBoHgspkkN',NULL,0,'bass_ryan','Wood','ryan.wood@email.com',0,1,'2025-08-10 19:03:24.479801','Ryan');
INSERT INTO auth_user VALUES(467,'!cPV9AsEPHpKiSYvOlylzGdigwIPSLt3GjthnUAZu',NULL,0,'fishing_shane','Barnes','shane.barnes@email.com',0,1,'2025-08-10 19:03:24.480605','Shane');
INSERT INTO auth_user VALUES(468,'!gcaK9Z3lfZcfjF01xlXsHTJYQH3rP4ya3fPfRl7o',NULL,0,'angler_trent','Ross','trent.ross@email.com',0,1,'2025-08-10 19:03:24.481415','Trent');
INSERT INTO auth_user VALUES(469,'!SplyHc5JPko2mW8o1sFjjm12Qo6BAYtyVBwiGUEb',NULL,0,'bass_ulric','Henderson','ulric.henderson@email.com',0,1,'2025-08-10 19:03:24.482232','Ulric');
INSERT INTO auth_user VALUES(470,'!9VVqi68iW55wXAcf3zpHsNwdLTfzNiyPhyN9S6xX',NULL,0,'fishing_vernon','Coleman','vernon.coleman@email.com',0,1,'2025-08-10 19:03:24.483192','Vernon');
INSERT INTO auth_user VALUES(471,'!HocvdIt8PKNJJZXhaaFfejMIIxy53wO9XTKmysPm',NULL,0,'angler_wyatt','Jenkins','wyatt.jenkins@email.com',0,1,'2025-08-10 19:03:24.484142','Wyatt');
INSERT INTO auth_user VALUES(472,'!oHejCUxEww8FVxA09Qf3dt9Xrvxc2ufyKVD7eex9',NULL,0,'bass_xavier','Perry','xavier.perry@email.com',0,1,'2025-08-10 19:03:24.485053','Xavier');
INSERT INTO auth_user VALUES(473,'!EddH3Lh8vnRjOa3EGL3fQb6I6PgNTLWxz4DuBEsj',NULL,0,'fishing_york','Powell','york.powell@email.com',0,1,'2025-08-10 19:03:24.485976','York');
INSERT INTO auth_user VALUES(474,'!VjhVB8HRy8p4mSAHr0BPpp9X778iL5mF3bH3FylE',NULL,0,'angler_zeke','Long','zeke.long@email.com',0,1,'2025-08-10 19:03:24.486889','Zeke');
INSERT INTO auth_user VALUES(475,'!vskyQOzmMVx5EXlQ2FaJUGoO3MoawottGldciBYd',NULL,0,'bass_adam','Patterson','adam.patterson@email.com',0,1,'2025-08-10 19:03:24.487781','Adam');
INSERT INTO auth_user VALUES(476,'!ix1Qc3mkyOcjPgt0IZw2BNXR34Y0AmABXckQkhXl',NULL,0,'fishing_ben','Hughes','ben.hughes@email.com',0,1,'2025-08-10 19:03:24.488697','Ben');
INSERT INTO auth_user VALUES(477,'!gnKiYCu0IbE3NqXta7cziEJptKLXgwEJeDSNiFwm',NULL,0,'angler_cole','Flores','cole.flores@email.com',0,1,'2025-08-10 19:03:24.489901','Cole');
INSERT INTO auth_user VALUES(478,'!ZIhZqPNnfzbFFSpq9jYSJnI3TaBMP2vdMowkhq9Y',NULL,0,'bass_dean','Washington','dean.washington@email.com',0,1,'2025-08-10 19:03:24.492078','Dean');
INSERT INTO auth_user VALUES(479,'!BVwOgeUDtVcUHa3HZljJ5ngDu698cfoDjoNmZ2fM',NULL,0,'fishing_eli','Butler','eli.butler@email.com',0,1,'2025-08-10 19:03:24.493102','Eli');
INSERT INTO auth_user VALUES(480,'!k8tDXNq5B31hD5lt4jJzSD1rmBrmAErPmkCeGv8X',NULL,0,'angler_finn','Simmons','finn.simmons@email.com',0,1,'2025-08-10 19:03:24.493952','Finn');
INSERT INTO auth_user VALUES(481,'!XaKdfi9fks6xpzPR8J65A3xiOnwpzItUtLTtvVvO',NULL,0,'bass_gage','Foster','gage.foster@email.com',0,1,'2025-08-10 19:03:24.494768','Gage');
INSERT INTO auth_user VALUES(482,'!wBHYIRiPATVMU7wMKEdskmN4iqCbKkDsNskDjqT4',NULL,0,'fishing_hugo','Gonzales','hugo.gonzales@email.com',0,1,'2025-08-10 19:03:24.495792','Hugo');
INSERT INTO auth_user VALUES(483,'!mL8Tv1Shq9VDBwmvMKTXKiW42xAOwXNJkDEuvXLd',NULL,0,'angler_ivan2','Bryant','ivan.bryant@email.com',0,1,'2025-08-10 19:03:24.497414','Ivan');
INSERT INTO auth_user VALUES(484,'!q3cCNCOpsyHOlNu9kCNmQ2C4VgbBdcyJxNzbNk0c',NULL,0,'bass_jude','Alexander','jude.alexander@email.com',0,1,'2025-08-10 19:03:24.498338','Jude');
INSERT INTO auth_user VALUES(485,'!lu3lzE5Tom8YVh2nYINl3AsR4JmtLJXvw2FKjOQf',NULL,0,'fishing_kane','Russell','kane.russell@email.com',0,1,'2025-08-10 19:03:24.499206','Kane');
INSERT INTO auth_user VALUES(486,'!AdsNGd3sXGJeITUgJDzh3bmi7GPWo0MqGJkSd3zk',NULL,0,'angler_leon','Griffin','leon.griffin@email.com',0,1,'2025-08-10 19:03:24.500045','Leon');
INSERT INTO auth_user VALUES(487,'!rs7bLJtd8RORLDUdmKKt7AqM3xrb8Nqejz14hKHF',NULL,0,'bass_milo','Diaz','milo.diaz@email.com',0,1,'2025-08-10 19:03:24.500874','Milo');
INSERT INTO auth_user VALUES(488,'!dQ2pm26AXfsk2dfhjSTS9kgRAbgqrmHj73VJnCQE',NULL,0,'fishing_nash','Hayes','nash.hayes@email.com',0,1,'2025-08-10 19:03:24.501690','Nash');
INSERT INTO auth_user VALUES(489,'!NiMqAJ324r1StNtQ9NicZS9VXrM0uPFP3vCHhyQF',NULL,0,'angler_otto','Myers','otto.myers@email.com',0,1,'2025-08-10 19:03:24.502487','Otto');
INSERT INTO auth_user VALUES(490,'!7eMXi6FDb4vH8dMv7tqPSTidNul1GZKlFD6lrL0E',NULL,0,'bass_pax','Ford','pax.ford@email.com',0,1,'2025-08-10 19:03:24.503289','Pax');
INSERT INTO auth_user VALUES(491,'!31jKE2cVbUcgJvmlsXEFmxoqfhmFmZ8YgJIpJSWS',NULL,0,'fishing_quill','Hamilton','quill.hamilton@email.com',0,1,'2025-08-10 19:03:24.504068','Quill');
INSERT INTO auth_user VALUES(492,'!UqpTKf9Ih0lcXqXV0jx7b0EDn1VtYe1n2pcM3F09',NULL,0,'angler_reef','Graham','reef.graham@email.com',0,1,'2025-08-10 19:03:24.504913','Reef');
INSERT INTO auth_user VALUES(493,'!VJlZyXBl7SO2YGyYXUmOogBR66QmxuKHZC7xV9tY',NULL,0,'bass_sage','Sullivan','sage.sullivan@email.com',0,1,'2025-08-10 19:03:24.505913','Sage');
INSERT INTO auth_user VALUES(494,'!qBjjj7pP2YKmrxRNovihplJ22T8xEocg3l5exzqx',NULL,0,'fishing_trace','Wallace','trace.wallace@email.com',0,1,'2025-08-10 19:03:24.506870','Trace');
INSERT INTO auth_user VALUES(495,'!vi2uVPOEnwEikcoJQarrfMSTkmCRLKcpfZ5wq4Oe',NULL,0,'angler_amy','Woods','amy.woods@email.com',0,1,'2025-08-10 19:03:24.507765','Amy');
INSERT INTO auth_user VALUES(496,'!x73jiwjmQy7EmSTFVfY55tjGSB6p8mHuCaHhIEqs',NULL,0,'bass_beth','Webb','beth.webb@email.com',0,1,'2025-08-10 19:03:24.509019','Beth');
INSERT INTO auth_user VALUES(497,'!VS1MRXqb3RnVYvTv49RDRTHYBsJ0GUa5YcHx2Wf3',NULL,0,'fishing_cara','Tucker','cara.tucker@email.com',0,1,'2025-08-10 19:03:24.509947','Cara');
INSERT INTO auth_user VALUES(498,'!qFCNSatKT4TbZ5L1jjSbg2KrmBhydg0sQgYJ2ov9',NULL,0,'angler_dana','Bishop','dana.bishop@email.com',0,1,'2025-08-10 19:03:24.510756','Dana');
INSERT INTO auth_user VALUES(499,'!D4vU8mHfXA0zSvxXRMHSiMKxk042kz9b49w3uFL9',NULL,0,'bass_ella','Stone','ella.stone@email.com',0,1,'2025-08-10 19:03:24.511572','Ella');
INSERT INTO auth_user VALUES(500,'!c7B4VZvDD7iFEWStOC2PZet6l2bNXL4cIeG5INGX',NULL,0,'fishing_faye','Hawkins','faye.hawkins@email.com',0,1,'2025-08-10 19:03:24.512394','Faye');
INSERT INTO auth_user VALUES(501,'!UW0h7q23otsviOID2nTFDMQ6Q0fSSevoyPYRIddo',NULL,0,'angler_gail','Fisher','gail.fisher@email.com',0,1,'2025-08-10 19:03:24.513280','Gail');
INSERT INTO auth_user VALUES(502,'!VfNn1a8KCI3QhgpkKo5PwvsnrkehQQDdz6cgdmXu',NULL,0,'bass_hope','Mills','hope.mills@email.com',0,1,'2025-08-10 19:03:24.514152','Hope');
INSERT INTO auth_user VALUES(503,'!gH6N38cMFie4WQ1uwdbRFj5EfgLZBU36ItksqJEy',NULL,0,'fishing_iris','Weaver','iris.weaver@email.com',0,1,'2025-08-10 19:03:24.514949','Iris');
INSERT INTO auth_user VALUES(504,'!0lIvS9ui7urGlSNKcEgGj3d7InJolkca7EmpUFtS',NULL,0,'angler_jane','Barber','jane.barber@email.com',0,1,'2025-08-10 19:03:24.515734','Jane');
INSERT INTO auth_user VALUES(505,'!Wp2sEZIIx2l5qUeq0z0O6y6g9aOhZvSpAa49ypqp',NULL,0,'bass_kate','Wheeler','kate.wheeler@email.com',0,1,'2025-08-10 19:03:24.516542','Kate');
INSERT INTO auth_user VALUES(506,'!YlED4jiUUzriok2FPDmOIgdVpfxeM4gBkdgzVXmo',NULL,0,'fishing_lynn','Cross','lynn.cross@email.com',0,1,'2025-08-10 19:03:24.517325','Lynn');
INSERT INTO auth_user VALUES(507,'!AdrPXSCdYIQOI6uHzkuS4GzpQdBpGthfxER2pSXi',NULL,0,'angler_mary','Fields','mary.fields@email.com',0,1,'2025-08-10 19:03:24.518188','Mary');
INSERT INTO auth_user VALUES(508,'!7F1D5VF2dMRYZQltwucedeCRbhbIansxbpPRKDBF',NULL,0,'bass_nina','Knight','nina.knight@email.com',0,1,'2025-08-10 19:03:24.519038','Nina');
INSERT INTO auth_user VALUES(509,'!se1RS8SaD8ImlXpYtbrTsbWY9IhopVimeHpnMXGR',NULL,0,'fishing_opal','Reid','opal.reid@email.com',0,1,'2025-08-10 19:03:24.520044','Opal');
INSERT INTO auth_user VALUES(510,'!XCihALkAKK9DVzc8zAq8AzAttzUC41PwdcypdrXX',NULL,0,'angler_page','Stone','page.stone@email.com',0,1,'2025-08-10 19:03:24.520885','Page');
INSERT INTO auth_user VALUES(511,'!JQ5iffDZkaDnwisiaVfDi8M4xrNCczwcGVH6hXkO',NULL,0,'bass_quinn','Fox','quinn.fox@email.com',0,1,'2025-08-10 19:03:24.521692','Quinn');
INSERT INTO auth_user VALUES(512,'!2ISC5j8iTMr4R3oayJXoF45DDcggKoElRwfaSOdr',NULL,0,'fishing_ruby','Dean','ruby.dean@email.com',0,1,'2025-08-10 19:03:24.522469','Ruby');
INSERT INTO auth_user VALUES(513,'!WTWs4q53eGwMSR9lGDQgvlgXbuPsAOIPCai52RAA',NULL,0,'angler_sara','Lane','sara.lane@email.com',0,1,'2025-08-10 19:03:24.523343','Sara');
INSERT INTO auth_user VALUES(514,'!UDuqPSLQepym4SjvN39pEXcgsVjbzTYWIiVVA2PH',NULL,0,'bass_tara','Blake','tara.blake@email.com',0,1,'2025-08-10 19:03:24.524212','Tara');
INSERT INTO auth_user VALUES(515,'!kQERvBggB3lRsfqhAd80b6r0PegwbO1bYtYaajXZ',NULL,0,'fishing_uma','Chase','uma.chase@email.com',0,1,'2025-08-10 19:03:24.525086','Uma');
INSERT INTO auth_user VALUES(516,'!hb3N6CUCoPQyXJK3O2b5X8wkM7OQmWnYBH6gMG1h',NULL,0,'angler_vera','Stone','vera.stone@email.com',0,1,'2025-08-10 19:03:24.525886','Vera');
INSERT INTO auth_user VALUES(517,'!OhJRxlQJrgvdO0RotwybrJ72SwDWLAfDfSgOfgnV',NULL,0,'bass_wren','Clark','wren.clark@email.com',0,1,'2025-08-10 19:03:24.526682','Wren');
INSERT INTO auth_user VALUES(518,'!hLw5UgcwIEbp6TqgwaxVtIdS6AL5F0uXs8rHr2ZV',NULL,0,'fishing_zara','Hunt','zara.hunt@email.com',0,1,'2025-08-10 19:03:24.527519','Zara');
INSERT INTO auth_user VALUES(519,'!FXy6CzUUqCQDNhARiCoZAClWsU45EVKWlr45Lvpj',NULL,0,'angler_beau','Cross','beau.cross@email.com',0,1,'2025-08-10 19:03:24.528411','Beau');
INSERT INTO auth_user VALUES(520,'!Gt4mjGqQj4uI1SadGucFiSRgQliQDA6yZwYs3x5b',NULL,0,'bass_cash','Wells','cash.wells@email.com',0,1,'2025-08-10 19:03:24.529261','Cash');
INSERT INTO auth_user VALUES(521,'!sRLfzhlg8JHSZywMDkGNAI0zYP4cBhSSxVSkiNoY',NULL,0,'fishing_drew','Austin','drew.austin@email.com',0,1,'2025-08-10 19:03:24.530138','Drew');
INSERT INTO auth_user VALUES(522,'!kqAsJuS6250ScZB4IWvRScCzXmRpYsH8Z00dXOtJ',NULL,0,'angler_earl2','Sharp','earl.sharp@email.com',0,1,'2025-08-10 19:03:24.531360','Earl');
INSERT INTO auth_user VALUES(523,'!JVg6HQEl3aYOxGeyeRTNXYqVjsxvn6eVkNv88zbG',NULL,0,'bass_ford','Wade','ford.wade@email.com',0,1,'2025-08-10 19:03:24.533264','Ford');
INSERT INTO auth_user VALUES(524,'!7rLQY1N8jqYTTlUbD5M2P2w9pQ4JOvysMexRcWS6',NULL,0,'fishing_glen2','Nash','glen.nash@email.com',0,1,'2025-08-10 19:03:24.534856','Glen');
INSERT INTO auth_user VALUES(525,'!hPw5mlcHZ3IhBTBBsmrZIQgKNECjqeKTL16Qqaux',NULL,0,'angler_hart','Fox','hart.fox@email.com',0,1,'2025-08-10 19:03:24.535796','Hart');
INSERT INTO auth_user VALUES(526,'!GjKDoh4ntKb6JUFxKIOYUhmvhFy0C6TCX8mvf5EP',NULL,0,'bass_jett','Lane','jett.lane@email.com',0,1,'2025-08-10 19:03:24.536746','Jett');
INSERT INTO auth_user VALUES(527,'!YErASuaJtsVozuqS3cDnFOPH5MlFbbCrnOK6483y',NULL,0,'fishing_kent','Miles','kent.miles@email.com',0,1,'2025-08-10 19:03:24.537624','Kent');
INSERT INTO auth_user VALUES(528,'!vZSLczQGBOmeBpS9SNbuZ2TWnGPjy2BSQZ6oW6CH',NULL,0,'angler_lane','Webb','lane.webb@email.com',0,1,'2025-08-10 19:03:24.538572','Lane');
INSERT INTO auth_user VALUES(529,'!yByCN7fzqup49l92Ty9iDE2dZugE9TkzKVb9Btny',NULL,0,'bass_max2','Stone','max.stone@email.com',0,1,'2025-08-10 19:03:24.539415','Max');
INSERT INTO auth_user VALUES(530,'!1eajYEfF8bjM8Ezp3UXwA82pvw7y8CVLiA7383xy',NULL,0,'fishing_neil','Grant','neil.grant@email.com',0,1,'2025-08-10 19:03:24.540202','Neil');
INSERT INTO auth_user VALUES(531,'!gyowugzABbvNW6qbYlZ3cGCvnby0ELFGLMBtKRbW',NULL,0,'angler_owen2','Blake','owen.blake@email.com',0,1,'2025-08-10 19:03:24.541008','Owen');
INSERT INTO auth_user VALUES(532,'!Y1vFVqM3QazXhQZl9pd3G6gDwrRdibkVwnU0yDrq',NULL,0,'bass_pace','Reed','pace.reed@email.com',0,1,'2025-08-10 19:03:24.541818','Pace');
INSERT INTO auth_user VALUES(533,'!g2yWFnZ0NEeePk9shAI9AewF8UHayRztSxeDReGX',NULL,0,'fishing_reed','Cross','reed.cross@email.com',0,1,'2025-08-10 19:03:24.542648','Reed');
INSERT INTO auth_user VALUES(534,'!8yRaTP7YJN1V8yFbWhVBcSVJ3oNgaMdqNeJlq0ki',NULL,0,'angler_seth','Wade','seth.wade@email.com',0,1,'2025-08-10 19:03:24.543456','Seth');
INSERT INTO auth_user VALUES(535,'!KzxDjjmUGdgibliLt9IMpjZJqNWznl7jWr1nHrFC',NULL,0,'bass_todd','Hunt','todd.hunt@email.com',0,1,'2025-08-10 19:03:24.544535','Todd');
INSERT INTO auth_user VALUES(536,'!Zm8N5JNzqrxyJk025OiAbu3vyhrnNlUINReGAe6A',NULL,0,'fishing_vann','Wells','vann.wells@email.com',0,1,'2025-08-10 19:03:24.545681','Vann');
INSERT INTO auth_user VALUES(537,'!DKu5EQrtvg95MBle9KVsjN2prFuq0xCTXnuILc7y',NULL,0,'angler_west','Lane','west.lane@email.com',0,1,'2025-08-10 19:03:24.546503','West');
INSERT INTO auth_user VALUES(538,'!8rzgWmARg67p4gdVBTVBH7y3jQBEc58Egn7Sxeeh',NULL,0,'guest_alex','Guest','alex.guest@email.com',0,1,'2025-08-10 19:03:24.547316','Alex');
INSERT INTO auth_user VALUES(539,'!7lA6yspXPsAO9ds0qD02kLZ64gpsSgNazfFalNs1',NULL,0,'guest_brian','Visitor','brian.visitor@email.com',0,1,'2025-08-10 19:03:24.548120','Brian');
INSERT INTO auth_user VALUES(540,'!kVfTRtqGRbDe4YYHUjFPcOMlWOdwSpGtkqXu3jOI',NULL,0,'guest_casey','Temp','casey.temp@email.com',0,1,'2025-08-10 19:03:24.548938','Casey');
INSERT INTO auth_user VALUES(541,'!dFYwdeIhBe7xN8hTeiWpyH9FBCHTPW3eitPwpz0f',NULL,0,'guest_drew','Trial','drew.trial@email.com',0,1,'2025-08-10 19:03:24.549900','Drew');
INSERT INTO auth_user VALUES(542,'!xiiSvTcG6Cnm7RI3a32AFSTNBke7LhauXOZaiQfn',NULL,0,'guest_eric','New','eric.new@email.com',0,1,'2025-08-10 19:03:24.550769','Eric');
INSERT INTO auth_user VALUES(543,'pbkdf2_sha256$600000$Bf33lsq5zMx4hVOIbkazw1$syAvU0NHnRSKWLBAESk17qAxJnh9MVhAU9HOKxR2cFo=',NULL,1,'sabc','','admin@sabc.com',1,1,'2025-08-11 21:23:15.817610','');
INSERT INTO auth_user VALUES(544,'pbkdf2_sha256$600000$YlYdQSuHS2Df2uwYfKwc7g$JU03UI88fIeMtDVquVlTij/RUF5YEm74GxsMWpdDTUM=','2025-08-13 14:53:15.843550',0,'admin_test','','admin@test.com',1,1,'2025-08-13 14:53:15.376221','');
INSERT INTO auth_user VALUES(545,'pbkdf2_sha256$600000$XMPWd5XGkX9BW3uJwAb80A$dylwNYkBqdSwuYR9kJHVAdZM3J5j+CMj6lq9kLC4XLM=','2025-08-13 14:53:15.760766',0,'regular_test','','regular@test.com',0,1,'2025-08-13 14:53:15.462043','');
CREATE TABLE IF NOT EXISTS "tournaments_lake" ("id" integer NOT NULL PRIMARY KEY AUTOINCREMENT, "name" varchar(256) NOT NULL, "paper" bool NOT NULL, "google_maps" varchar(4096) NOT NULL);
INSERT INTO tournaments_lake VALUES(81,' travis',0,'<iframe src="https://maps.google.com/maps?q=Lake Travis&output=embed" width="100%" height="200"></iframe>');
INSERT INTO tournaments_lake VALUES(82,' austin',0,'<iframe src="https://maps.google.com/maps?q=Lake Austin&output=embed" width="100%" height="200"></iframe>');
INSERT INTO tournaments_lake VALUES(83,'bastrop ',0,'<iframe src="https://maps.google.com/maps?q=Bastrop Lake&output=embed" width="100%" height="200"></iframe>');
INSERT INTO tournaments_lake VALUES(84,' buchanan',0,'<iframe src="https://maps.google.com/maps?q=Lake Buchanan&output=embed" width="100%" height="200"></iframe>');
INSERT INTO tournaments_lake VALUES(85,'inks ',0,'<iframe src="https://maps.google.com/maps?q=Inks Lake&output=embed" width="100%" height="200"></iframe>');
INSERT INTO tournaments_lake VALUES(86,' lbj',0,'<iframe src="https://maps.google.com/maps?q=Lake LBJ&output=embed" width="100%" height="200"></iframe>');
INSERT INTO tournaments_lake VALUES(87,'canyon ',0,'<iframe src="https://maps.google.com/maps?q=Canyon Lake&output=embed" width="100%" height="200"></iframe>');
INSERT INTO tournaments_lake VALUES(88,'medina ',0,'<iframe src="https://maps.google.com/maps?q=Medina Lake&output=embed" width="100%" height="200"></iframe>');
INSERT INTO tournaments_lake VALUES(89,'calaveras ',0,'<iframe src="https://maps.google.com/maps?q=Calaveras Lake&output=embed" width="100%" height="200"></iframe>');
INSERT INTO tournaments_lake VALUES(90,'braunig ',0,'<iframe src="https://maps.google.com/maps?q=Braunig Lake&output=embed" width="100%" height="200"></iframe>');
INSERT INTO tournaments_lake VALUES(91,'fayette county reservoir',0,'<iframe src="https://maps.google.com/maps?q=Fayette County Reservoir&output=embed" width="100%" height="200"></iframe>');
INSERT INTO tournaments_lake VALUES(92,'granger ',0,'<iframe src="https://maps.google.com/maps?q=Granger Lake&output=embed" width="100%" height="200"></iframe>');
INSERT INTO tournaments_lake VALUES(93,'stillhouse hollow ',0,'<iframe src="https://maps.google.com/maps?q=Stillhouse Hollow Lake&output=embed" width="100%" height="200"></iframe>');
INSERT INTO tournaments_lake VALUES(94,'belton ',0,'<iframe src="https://maps.google.com/maps?q=Belton Lake&output=embed" width="100%" height="200"></iframe>');
INSERT INTO tournaments_lake VALUES(95,'georgetown ',0,'<iframe src="https://maps.google.com/maps?q=Georgetown Lake&output=embed" width="100%" height="200"></iframe>');
INSERT INTO tournaments_lake VALUES(96,'somerville ',0,'<iframe src="https://maps.google.com/maps?q=Somerville Lake&output=embed" width="100%" height="200"></iframe>');
INSERT INTO tournaments_lake VALUES(97,'toledo bend reservoir',0,'<iframe src="https://maps.google.com/maps?q=Toledo Bend Reservoir&output=embed" width="100%" height="200"></iframe>');
INSERT INTO tournaments_lake VALUES(98,'sam rayburn reservoir',0,'<iframe src="https://maps.google.com/maps?q=Sam Rayburn Reservoir&output=embed" width="100%" height="200"></iframe>');
INSERT INTO tournaments_lake VALUES(99,' fork',0,'<iframe src="https://maps.google.com/maps?q=Lake Fork&output=embed" width="100%" height="200"></iframe>');
INSERT INTO tournaments_lake VALUES(100,' tawakoni',0,'<iframe src="https://maps.google.com/maps?q=Lake Tawakoni&output=embed" width="100%" height="200"></iframe>');
INSERT INTO tournaments_lake VALUES(101,'test ',0,'');
CREATE TABLE IF NOT EXISTS "tournaments_ramp" ("id" integer NOT NULL PRIMARY KEY AUTOINCREMENT, "name" varchar(128) NOT NULL, "google_maps" varchar(4096) NOT NULL, "lake_id" integer NOT NULL REFERENCES "tournaments_lake" ("id") DEFERRABLE INITIALLY DEFERRED);
INSERT INTO tournaments_ramp VALUES(145,'Mansfield Dam Park','<iframe src="https://maps.google.com/maps?q=30.3875,-97.9183&output=embed" width="100%" height="200"></iframe>',81);
INSERT INTO tournaments_ramp VALUES(146,'Bob Wentz Park','<iframe src="https://maps.google.com/maps?q=30.3792,-97.8542&output=embed" width="100%" height="200"></iframe>',81);
INSERT INTO tournaments_ramp VALUES(147,'Windy Point Park','<iframe src="https://maps.google.com/maps?q=30.3567,-97.8942&output=embed" width="100%" height="200"></iframe>',81);
INSERT INTO tournaments_ramp VALUES(148,'Red Bud Isle','<iframe src="https://maps.google.com/maps?q=30.2833,-97.7917&output=embed" width="100%" height="200"></iframe>',82);
INSERT INTO tournaments_ramp VALUES(149,'Festival Beach','<iframe src="https://maps.google.com/maps?q=30.2531,-97.7272&output=embed" width="100%" height="200"></iframe>',82);
INSERT INTO tournaments_ramp VALUES(150,'North Shore Park','<iframe src="https://maps.google.com/maps?q=30.1483,-97.3167&output=embed" width="100%" height="200"></iframe>',83);
INSERT INTO tournaments_ramp VALUES(151,'South Shore Park','<iframe src="https://maps.google.com/maps?q=30.14,-97.31&output=embed" width="100%" height="200"></iframe>',83);
INSERT INTO tournaments_ramp VALUES(152,'Black Rock Park','<iframe src="https://maps.google.com/maps?q=30.7583,-98.4167&output=embed" width="100%" height="200"></iframe>',84);
INSERT INTO tournaments_ramp VALUES(153,'Llano River Marina','<iframe src="https://maps.google.com/maps?q=30.7833,-98.3833&output=embed" width="100%" height="200"></iframe>',84);
INSERT INTO tournaments_ramp VALUES(154,'Inks Lake State Park','<iframe src="https://maps.google.com/maps?q=30.7333,-98.3667&output=embed" width="100%" height="200"></iframe>',85);
INSERT INTO tournaments_ramp VALUES(155,'Kingsland Marina','<iframe src="https://maps.google.com/maps?q=30.6667,-98.4333&output=embed" width="100%" height="200"></iframe>',86);
INSERT INTO tournaments_ramp VALUES(156,'Granite Shoals Park','<iframe src="https://maps.google.com/maps?q=30.5833,-98.3833&output=embed" width="100%" height="200"></iframe>',86);
INSERT INTO tournaments_ramp VALUES(157,'Canyon Park','<iframe src="https://maps.google.com/maps?q=29.8833,-98.2667&output=embed" width="100%" height="200"></iframe>',87);
INSERT INTO tournaments_ramp VALUES(158,'Comal Park','<iframe src="https://maps.google.com/maps?q=29.8667,-98.2833&output=embed" width="100%" height="200"></iframe>',87);
INSERT INTO tournaments_ramp VALUES(159,'Medina Lake Park','<iframe src="https://maps.google.com/maps?q=29.5333,-98.9333&output=embed" width="100%" height="200"></iframe>',88);
INSERT INTO tournaments_ramp VALUES(160,'Lakehills Marina','<iframe src="https://maps.google.com/maps?q=29.5167,-98.9167&output=embed" width="100%" height="200"></iframe>',88);
INSERT INTO tournaments_ramp VALUES(161,'Calaveras Lake Park','<iframe src="https://maps.google.com/maps?q=29.3167,-98.3833&output=embed" width="100%" height="200"></iframe>',89);
INSERT INTO tournaments_ramp VALUES(162,'Braunig Lake Park','<iframe src="https://maps.google.com/maps?q=29.2833,-98.4667&output=embed" width="100%" height="200"></iframe>',90);
INSERT INTO tournaments_ramp VALUES(163,'Park Prairie Marina','<iframe src="https://maps.google.com/maps?q=29.7,-96.7833&output=embed" width="100%" height="200"></iframe>',91);
INSERT INTO tournaments_ramp VALUES(164,'Wilson H. Fox Park','<iframe src="https://maps.google.com/maps?q=30.6833,-97.4167&output=embed" width="100%" height="200"></iframe>',92);
INSERT INTO tournaments_ramp VALUES(165,'Taylor Park','<iframe src="https://maps.google.com/maps?q=30.6667,-97.4333&output=embed" width="100%" height="200"></iframe>',92);
INSERT INTO tournaments_ramp VALUES(166,'Stillhouse Park','<iframe src="https://maps.google.com/maps?q=31.0833,-97.5833&output=embed" width="100%" height="200"></iframe>',93);
INSERT INTO tournaments_ramp VALUES(167,'Cedar Gap Park','<iframe src="https://maps.google.com/maps?q=31.0667,-97.5667&output=embed" width="100%" height="200"></iframe>',93);
INSERT INTO tournaments_ramp VALUES(168,'Live Oak Ridge Park','<iframe src="https://maps.google.com/maps?q=31.1333,-97.4833&output=embed" width="100%" height="200"></iframe>',94);
INSERT INTO tournaments_ramp VALUES(169,'Westcliff Park','<iframe src="https://maps.google.com/maps?q=31.1167,-97.5167&output=embed" width="100%" height="200"></iframe>',94);
INSERT INTO tournaments_ramp VALUES(170,'Russell Park','<iframe src="https://maps.google.com/maps?q=30.6667,-97.6833&output=embed" width="100%" height="200"></iframe>',95);
INSERT INTO tournaments_ramp VALUES(171,'Birch Creek Park','<iframe src="https://maps.google.com/maps?q=30.3167,-96.5333&output=embed" width="100%" height="200"></iframe>',96);
INSERT INTO tournaments_ramp VALUES(172,'Yegua Creek Park','<iframe src="https://maps.google.com/maps?q=30.2833,-96.5667&output=embed" width="100%" height="200"></iframe>',96);
INSERT INTO tournaments_ramp VALUES(173,'Ragtown Marina','<iframe src="https://maps.google.com/maps?q=31.1667,-93.9167&output=embed" width="100%" height="200"></iframe>',97);
INSERT INTO tournaments_ramp VALUES(174,'Pendleton Harbor','<iframe src="https://maps.google.com/maps?q=31.0833,-94.0833&output=embed" width="100%" height="200"></iframe>',97);
INSERT INTO tournaments_ramp VALUES(175,'Cassells-Boykin Park','<iframe src="https://maps.google.com/maps?q=31.0333,-94.1833&output=embed" width="100%" height="200"></iframe>',98);
INSERT INTO tournaments_ramp VALUES(176,'Powell Park','<iframe src="https://maps.google.com/maps?q=31.0167,-94.2167&output=embed" width="100%" height="200"></iframe>',98);
INSERT INTO tournaments_ramp VALUES(177,'Lake Fork Marina','<iframe src="https://maps.google.com/maps?q=32.7833,-95.6167&output=embed" width="100%" height="200"></iframe>',99);
INSERT INTO tournaments_ramp VALUES(178,'Mineola Nature Preserve','<iframe src="https://maps.google.com/maps?q=32.6833,-95.5333&output=embed" width="100%" height="200"></iframe>',99);
INSERT INTO tournaments_ramp VALUES(179,'Wind Point Park','<iframe src="https://maps.google.com/maps?q=32.8333,-95.9167&output=embed" width="100%" height="200"></iframe>',100);
INSERT INTO tournaments_ramp VALUES(180,'Prairie Creek Park','<iframe src="https://maps.google.com/maps?q=32.8167,-95.8833&output=embed" width="100%" height="200"></iframe>',100);
CREATE TABLE IF NOT EXISTS "polls_lakepoll_choices" ("id" integer NOT NULL PRIMARY KEY AUTOINCREMENT, "lakepoll_id" bigint NOT NULL REFERENCES "polls_lakepoll" ("id") DEFERRABLE INITIALLY DEFERRED, "lake_id" integer NOT NULL REFERENCES "tournaments_lake" ("id") DEFERRABLE INITIALLY DEFERRED);
INSERT INTO polls_lakepoll_choices VALUES(28,7,99);
INSERT INTO polls_lakepoll_choices VALUES(29,7,98);
INSERT INTO polls_lakepoll_choices VALUES(30,7,97);
INSERT INTO polls_lakepoll_choices VALUES(31,7,100);
INSERT INTO polls_lakepoll_choices VALUES(32,7,87);
INSERT INTO polls_lakepoll_choices VALUES(33,8,97);
INSERT INTO polls_lakepoll_choices VALUES(34,8,98);
INSERT INTO polls_lakepoll_choices VALUES(35,8,84);
INSERT INTO polls_lakepoll_choices VALUES(36,8,81);
INSERT INTO polls_lakepoll_choices VALUES(37,9,98);
INSERT INTO polls_lakepoll_choices VALUES(38,9,99);
INSERT INTO polls_lakepoll_choices VALUES(39,9,97);
INSERT INTO polls_lakepoll_choices VALUES(40,9,83);
INSERT INTO polls_lakepoll_choices VALUES(41,10,89);
INSERT INTO polls_lakepoll_choices VALUES(42,10,90);
INSERT INTO polls_lakepoll_choices VALUES(43,10,91);
INSERT INTO polls_lakepoll_choices VALUES(44,10,87);
INSERT INTO polls_lakepoll_choices VALUES(45,11,81);
INSERT INTO polls_lakepoll_choices VALUES(46,11,87);
INSERT INTO polls_lakepoll_choices VALUES(47,11,86);
INSERT INTO polls_lakepoll_choices VALUES(48,11,83);
INSERT INTO polls_lakepoll_choices VALUES(49,11,95);
INSERT INTO polls_lakepoll_choices VALUES(50,12,84);
INSERT INTO polls_lakepoll_choices VALUES(51,12,93);
INSERT INTO polls_lakepoll_choices VALUES(52,12,94);
INSERT INTO polls_lakepoll_choices VALUES(53,12,92);
INSERT INTO polls_lakepoll_choices VALUES(54,12,96);
INSERT INTO polls_lakepoll_choices VALUES(55,13,101);
CREATE TABLE IF NOT EXISTS "polls_lakevote" ("id" integer NOT NULL PRIMARY KEY AUTOINCREMENT, "timestamp" date NOT NULL, "angler_id" integer NOT NULL REFERENCES "users_angler" ("user_id") DEFERRABLE INITIALLY DEFERRED, "choice_id" integer NOT NULL REFERENCES "tournaments_lake" ("id") DEFERRABLE INITIALLY DEFERRED, "poll_id" bigint NOT NULL REFERENCES "polls_lakepoll" ("id") DEFERRABLE INITIALLY DEFERRED);
INSERT INTO polls_lakevote VALUES(509,'2025-08-10',398,99,7);
INSERT INTO polls_lakevote VALUES(510,'2025-08-10',399,99,7);
INSERT INTO polls_lakevote VALUES(511,'2025-08-10',400,99,7);
INSERT INTO polls_lakevote VALUES(512,'2025-08-10',401,99,7);
INSERT INTO polls_lakevote VALUES(513,'2025-08-10',402,99,7);
INSERT INTO polls_lakevote VALUES(514,'2025-08-10',404,99,7);
INSERT INTO polls_lakevote VALUES(515,'2025-08-10',405,99,7);
INSERT INTO polls_lakevote VALUES(516,'2025-08-10',406,99,7);
INSERT INTO polls_lakevote VALUES(517,'2025-08-10',407,99,7);
INSERT INTO polls_lakevote VALUES(518,'2025-08-10',408,99,7);
INSERT INTO polls_lakevote VALUES(519,'2025-08-10',409,99,7);
INSERT INTO polls_lakevote VALUES(520,'2025-08-10',410,99,7);
INSERT INTO polls_lakevote VALUES(521,'2025-08-10',411,99,7);
INSERT INTO polls_lakevote VALUES(522,'2025-08-10',412,99,7);
INSERT INTO polls_lakevote VALUES(523,'2025-08-10',413,99,7);
INSERT INTO polls_lakevote VALUES(524,'2025-08-10',414,99,7);
INSERT INTO polls_lakevote VALUES(525,'2025-08-10',415,99,7);
INSERT INTO polls_lakevote VALUES(526,'2025-08-10',416,99,7);
INSERT INTO polls_lakevote VALUES(527,'2025-08-10',417,99,7);
INSERT INTO polls_lakevote VALUES(528,'2025-08-10',418,99,7);
INSERT INTO polls_lakevote VALUES(529,'2025-08-10',419,99,7);
INSERT INTO polls_lakevote VALUES(530,'2025-08-10',420,99,7);
INSERT INTO polls_lakevote VALUES(531,'2025-08-10',421,99,7);
INSERT INTO polls_lakevote VALUES(532,'2025-08-10',422,99,7);
INSERT INTO polls_lakevote VALUES(533,'2025-08-10',423,99,7);
INSERT INTO polls_lakevote VALUES(534,'2025-08-10',424,99,7);
INSERT INTO polls_lakevote VALUES(535,'2025-08-10',425,99,7);
INSERT INTO polls_lakevote VALUES(536,'2025-08-10',426,99,7);
INSERT INTO polls_lakevote VALUES(537,'2025-08-10',427,98,7);
INSERT INTO polls_lakevote VALUES(538,'2025-08-10',428,98,7);
INSERT INTO polls_lakevote VALUES(539,'2025-08-10',429,98,7);
INSERT INTO polls_lakevote VALUES(540,'2025-08-10',430,98,7);
INSERT INTO polls_lakevote VALUES(541,'2025-08-10',431,98,7);
INSERT INTO polls_lakevote VALUES(542,'2025-08-10',432,98,7);
INSERT INTO polls_lakevote VALUES(543,'2025-08-10',433,98,7);
INSERT INTO polls_lakevote VALUES(544,'2025-08-10',434,98,7);
INSERT INTO polls_lakevote VALUES(545,'2025-08-10',435,98,7);
INSERT INTO polls_lakevote VALUES(546,'2025-08-10',436,98,7);
INSERT INTO polls_lakevote VALUES(547,'2025-08-10',437,98,7);
INSERT INTO polls_lakevote VALUES(548,'2025-08-10',438,98,7);
INSERT INTO polls_lakevote VALUES(549,'2025-08-10',439,98,7);
INSERT INTO polls_lakevote VALUES(550,'2025-08-10',440,98,7);
INSERT INTO polls_lakevote VALUES(551,'2025-08-10',441,98,7);
INSERT INTO polls_lakevote VALUES(552,'2025-08-10',442,98,7);
INSERT INTO polls_lakevote VALUES(553,'2025-08-10',443,98,7);
INSERT INTO polls_lakevote VALUES(554,'2025-08-10',444,98,7);
INSERT INTO polls_lakevote VALUES(555,'2025-08-10',445,98,7);
INSERT INTO polls_lakevote VALUES(556,'2025-08-10',446,98,7);
INSERT INTO polls_lakevote VALUES(557,'2025-08-10',447,98,7);
INSERT INTO polls_lakevote VALUES(558,'2025-08-10',448,98,7);
INSERT INTO polls_lakevote VALUES(559,'2025-08-10',449,97,7);
INSERT INTO polls_lakevote VALUES(560,'2025-08-10',450,97,7);
INSERT INTO polls_lakevote VALUES(561,'2025-08-10',451,97,7);
INSERT INTO polls_lakevote VALUES(562,'2025-08-10',452,97,7);
INSERT INTO polls_lakevote VALUES(563,'2025-08-10',453,97,7);
INSERT INTO polls_lakevote VALUES(564,'2025-08-10',454,97,7);
INSERT INTO polls_lakevote VALUES(565,'2025-08-10',455,97,7);
INSERT INTO polls_lakevote VALUES(566,'2025-08-10',456,97,7);
INSERT INTO polls_lakevote VALUES(567,'2025-08-10',457,97,7);
INSERT INTO polls_lakevote VALUES(568,'2025-08-10',458,97,7);
INSERT INTO polls_lakevote VALUES(569,'2025-08-10',459,97,7);
INSERT INTO polls_lakevote VALUES(570,'2025-08-10',460,97,7);
INSERT INTO polls_lakevote VALUES(571,'2025-08-10',461,97,7);
INSERT INTO polls_lakevote VALUES(572,'2025-08-10',462,97,7);
INSERT INTO polls_lakevote VALUES(573,'2025-08-10',463,97,7);
INSERT INTO polls_lakevote VALUES(574,'2025-08-10',464,97,7);
INSERT INTO polls_lakevote VALUES(575,'2025-08-10',465,97,7);
INSERT INTO polls_lakevote VALUES(576,'2025-08-10',466,97,7);
INSERT INTO polls_lakevote VALUES(577,'2025-08-10',467,100,7);
INSERT INTO polls_lakevote VALUES(578,'2025-08-10',468,100,7);
INSERT INTO polls_lakevote VALUES(579,'2025-08-10',469,100,7);
INSERT INTO polls_lakevote VALUES(580,'2025-08-10',470,100,7);
INSERT INTO polls_lakevote VALUES(581,'2025-08-10',471,100,7);
INSERT INTO polls_lakevote VALUES(582,'2025-08-10',472,100,7);
INSERT INTO polls_lakevote VALUES(583,'2025-08-10',473,100,7);
INSERT INTO polls_lakevote VALUES(584,'2025-08-10',474,100,7);
INSERT INTO polls_lakevote VALUES(585,'2025-08-10',475,100,7);
INSERT INTO polls_lakevote VALUES(586,'2025-08-10',476,100,7);
INSERT INTO polls_lakevote VALUES(587,'2025-08-10',477,100,7);
INSERT INTO polls_lakevote VALUES(588,'2025-08-10',478,100,7);
INSERT INTO polls_lakevote VALUES(589,'2025-08-10',479,100,7);
INSERT INTO polls_lakevote VALUES(590,'2025-08-10',480,100,7);
INSERT INTO polls_lakevote VALUES(591,'2025-08-10',481,100,7);
INSERT INTO polls_lakevote VALUES(592,'2025-08-10',482,87,7);
INSERT INTO polls_lakevote VALUES(593,'2025-08-10',483,87,7);
INSERT INTO polls_lakevote VALUES(594,'2025-08-10',484,87,7);
INSERT INTO polls_lakevote VALUES(595,'2025-08-10',485,87,7);
INSERT INTO polls_lakevote VALUES(596,'2025-08-10',486,87,7);
INSERT INTO polls_lakevote VALUES(597,'2025-08-10',487,87,7);
INSERT INTO polls_lakevote VALUES(598,'2025-08-10',489,87,7);
INSERT INTO polls_lakevote VALUES(599,'2025-08-10',490,87,7);
INSERT INTO polls_lakevote VALUES(600,'2025-08-10',491,87,7);
INSERT INTO polls_lakevote VALUES(601,'2025-08-10',492,87,7);
INSERT INTO polls_lakevote VALUES(602,'2025-08-10',493,87,7);
INSERT INTO polls_lakevote VALUES(603,'2025-08-10',494,87,7);
INSERT INTO polls_lakevote VALUES(604,'2025-08-10',398,97,8);
INSERT INTO polls_lakevote VALUES(605,'2025-08-10',399,97,8);
INSERT INTO polls_lakevote VALUES(606,'2025-08-10',400,97,8);
INSERT INTO polls_lakevote VALUES(607,'2025-08-10',401,97,8);
INSERT INTO polls_lakevote VALUES(608,'2025-08-10',402,97,8);
INSERT INTO polls_lakevote VALUES(609,'2025-08-10',404,97,8);
INSERT INTO polls_lakevote VALUES(610,'2025-08-10',405,97,8);
INSERT INTO polls_lakevote VALUES(611,'2025-08-10',406,97,8);
INSERT INTO polls_lakevote VALUES(612,'2025-08-10',407,97,8);
INSERT INTO polls_lakevote VALUES(613,'2025-08-10',408,97,8);
INSERT INTO polls_lakevote VALUES(614,'2025-08-10',409,97,8);
INSERT INTO polls_lakevote VALUES(615,'2025-08-10',410,97,8);
INSERT INTO polls_lakevote VALUES(616,'2025-08-10',411,97,8);
INSERT INTO polls_lakevote VALUES(617,'2025-08-10',412,97,8);
INSERT INTO polls_lakevote VALUES(618,'2025-08-10',413,97,8);
INSERT INTO polls_lakevote VALUES(619,'2025-08-10',414,97,8);
INSERT INTO polls_lakevote VALUES(620,'2025-08-10',415,97,8);
INSERT INTO polls_lakevote VALUES(621,'2025-08-10',416,97,8);
INSERT INTO polls_lakevote VALUES(622,'2025-08-10',417,97,8);
INSERT INTO polls_lakevote VALUES(623,'2025-08-10',418,97,8);
INSERT INTO polls_lakevote VALUES(624,'2025-08-10',419,97,8);
INSERT INTO polls_lakevote VALUES(625,'2025-08-10',420,97,8);
INSERT INTO polls_lakevote VALUES(626,'2025-08-10',421,97,8);
INSERT INTO polls_lakevote VALUES(627,'2025-08-10',422,97,8);
INSERT INTO polls_lakevote VALUES(628,'2025-08-10',423,97,8);
INSERT INTO polls_lakevote VALUES(629,'2025-08-10',424,97,8);
INSERT INTO polls_lakevote VALUES(630,'2025-08-10',425,97,8);
INSERT INTO polls_lakevote VALUES(631,'2025-08-10',426,97,8);
INSERT INTO polls_lakevote VALUES(632,'2025-08-10',427,97,8);
INSERT INTO polls_lakevote VALUES(633,'2025-08-10',428,97,8);
INSERT INTO polls_lakevote VALUES(634,'2025-08-10',429,97,8);
INSERT INTO polls_lakevote VALUES(635,'2025-08-10',430,97,8);
INSERT INTO polls_lakevote VALUES(636,'2025-08-10',431,98,8);
INSERT INTO polls_lakevote VALUES(637,'2025-08-10',432,98,8);
INSERT INTO polls_lakevote VALUES(638,'2025-08-10',433,98,8);
INSERT INTO polls_lakevote VALUES(639,'2025-08-10',434,98,8);
INSERT INTO polls_lakevote VALUES(640,'2025-08-10',435,98,8);
INSERT INTO polls_lakevote VALUES(641,'2025-08-10',436,98,8);
INSERT INTO polls_lakevote VALUES(642,'2025-08-10',437,98,8);
INSERT INTO polls_lakevote VALUES(643,'2025-08-10',438,98,8);
INSERT INTO polls_lakevote VALUES(644,'2025-08-10',439,98,8);
INSERT INTO polls_lakevote VALUES(645,'2025-08-10',440,98,8);
INSERT INTO polls_lakevote VALUES(646,'2025-08-10',441,98,8);
INSERT INTO polls_lakevote VALUES(647,'2025-08-10',442,98,8);
INSERT INTO polls_lakevote VALUES(648,'2025-08-10',443,98,8);
INSERT INTO polls_lakevote VALUES(649,'2025-08-10',444,98,8);
INSERT INTO polls_lakevote VALUES(650,'2025-08-10',445,98,8);
INSERT INTO polls_lakevote VALUES(651,'2025-08-10',446,98,8);
INSERT INTO polls_lakevote VALUES(652,'2025-08-10',447,98,8);
INSERT INTO polls_lakevote VALUES(653,'2025-08-10',448,98,8);
INSERT INTO polls_lakevote VALUES(654,'2025-08-10',449,98,8);
INSERT INTO polls_lakevote VALUES(655,'2025-08-10',450,98,8);
INSERT INTO polls_lakevote VALUES(656,'2025-08-10',451,98,8);
INSERT INTO polls_lakevote VALUES(657,'2025-08-10',452,98,8);
INSERT INTO polls_lakevote VALUES(658,'2025-08-10',453,98,8);
INSERT INTO polls_lakevote VALUES(659,'2025-08-10',454,98,8);
INSERT INTO polls_lakevote VALUES(660,'2025-08-10',455,98,8);
INSERT INTO polls_lakevote VALUES(661,'2025-08-10',456,84,8);
INSERT INTO polls_lakevote VALUES(662,'2025-08-10',457,84,8);
INSERT INTO polls_lakevote VALUES(663,'2025-08-10',458,84,8);
INSERT INTO polls_lakevote VALUES(664,'2025-08-10',459,84,8);
INSERT INTO polls_lakevote VALUES(665,'2025-08-10',460,84,8);
INSERT INTO polls_lakevote VALUES(666,'2025-08-10',461,84,8);
INSERT INTO polls_lakevote VALUES(667,'2025-08-10',462,84,8);
INSERT INTO polls_lakevote VALUES(668,'2025-08-10',463,84,8);
INSERT INTO polls_lakevote VALUES(669,'2025-08-10',464,84,8);
INSERT INTO polls_lakevote VALUES(670,'2025-08-10',465,84,8);
INSERT INTO polls_lakevote VALUES(671,'2025-08-10',466,84,8);
INSERT INTO polls_lakevote VALUES(672,'2025-08-10',467,84,8);
INSERT INTO polls_lakevote VALUES(673,'2025-08-10',468,84,8);
INSERT INTO polls_lakevote VALUES(674,'2025-08-10',469,84,8);
INSERT INTO polls_lakevote VALUES(675,'2025-08-10',470,84,8);
INSERT INTO polls_lakevote VALUES(676,'2025-08-10',471,84,8);
INSERT INTO polls_lakevote VALUES(677,'2025-08-10',472,84,8);
INSERT INTO polls_lakevote VALUES(678,'2025-08-10',473,84,8);
INSERT INTO polls_lakevote VALUES(679,'2025-08-10',474,84,8);
INSERT INTO polls_lakevote VALUES(680,'2025-08-10',475,84,8);
INSERT INTO polls_lakevote VALUES(681,'2025-08-10',476,81,8);
INSERT INTO polls_lakevote VALUES(682,'2025-08-10',477,81,8);
INSERT INTO polls_lakevote VALUES(683,'2025-08-10',478,81,8);
INSERT INTO polls_lakevote VALUES(684,'2025-08-10',479,81,8);
INSERT INTO polls_lakevote VALUES(685,'2025-08-10',480,81,8);
INSERT INTO polls_lakevote VALUES(686,'2025-08-10',481,81,8);
INSERT INTO polls_lakevote VALUES(687,'2025-08-10',482,81,8);
INSERT INTO polls_lakevote VALUES(688,'2025-08-10',483,81,8);
INSERT INTO polls_lakevote VALUES(689,'2025-08-10',484,81,8);
INSERT INTO polls_lakevote VALUES(690,'2025-08-10',485,81,8);
INSERT INTO polls_lakevote VALUES(691,'2025-08-10',486,81,8);
INSERT INTO polls_lakevote VALUES(692,'2025-08-10',487,81,8);
INSERT INTO polls_lakevote VALUES(693,'2025-08-10',489,81,8);
INSERT INTO polls_lakevote VALUES(694,'2025-08-10',490,81,8);
INSERT INTO polls_lakevote VALUES(695,'2025-08-10',491,81,8);
INSERT INTO polls_lakevote VALUES(696,'2025-08-10',492,81,8);
INSERT INTO polls_lakevote VALUES(697,'2025-08-10',493,81,8);
INSERT INTO polls_lakevote VALUES(698,'2025-08-10',494,81,8);
INSERT INTO polls_lakevote VALUES(699,'2025-08-10',398,98,9);
INSERT INTO polls_lakevote VALUES(700,'2025-08-10',399,98,9);
INSERT INTO polls_lakevote VALUES(701,'2025-08-10',400,98,9);
INSERT INTO polls_lakevote VALUES(702,'2025-08-10',401,98,9);
INSERT INTO polls_lakevote VALUES(703,'2025-08-10',402,98,9);
INSERT INTO polls_lakevote VALUES(704,'2025-08-10',404,98,9);
INSERT INTO polls_lakevote VALUES(705,'2025-08-10',405,98,9);
INSERT INTO polls_lakevote VALUES(706,'2025-08-10',406,98,9);
INSERT INTO polls_lakevote VALUES(707,'2025-08-10',407,98,9);
INSERT INTO polls_lakevote VALUES(708,'2025-08-10',408,98,9);
INSERT INTO polls_lakevote VALUES(709,'2025-08-10',409,98,9);
INSERT INTO polls_lakevote VALUES(710,'2025-08-10',410,98,9);
INSERT INTO polls_lakevote VALUES(711,'2025-08-10',411,98,9);
INSERT INTO polls_lakevote VALUES(712,'2025-08-10',412,98,9);
INSERT INTO polls_lakevote VALUES(713,'2025-08-10',413,98,9);
INSERT INTO polls_lakevote VALUES(714,'2025-08-10',414,98,9);
INSERT INTO polls_lakevote VALUES(715,'2025-08-10',415,98,9);
INSERT INTO polls_lakevote VALUES(716,'2025-08-10',416,98,9);
INSERT INTO polls_lakevote VALUES(717,'2025-08-10',417,98,9);
INSERT INTO polls_lakevote VALUES(718,'2025-08-10',418,98,9);
INSERT INTO polls_lakevote VALUES(719,'2025-08-10',419,98,9);
INSERT INTO polls_lakevote VALUES(720,'2025-08-10',420,98,9);
INSERT INTO polls_lakevote VALUES(721,'2025-08-10',421,98,9);
INSERT INTO polls_lakevote VALUES(722,'2025-08-10',422,98,9);
INSERT INTO polls_lakevote VALUES(723,'2025-08-10',423,98,9);
INSERT INTO polls_lakevote VALUES(724,'2025-08-10',424,98,9);
INSERT INTO polls_lakevote VALUES(725,'2025-08-10',425,98,9);
INSERT INTO polls_lakevote VALUES(726,'2025-08-10',426,98,9);
INSERT INTO polls_lakevote VALUES(727,'2025-08-10',427,98,9);
INSERT INTO polls_lakevote VALUES(728,'2025-08-10',428,98,9);
INSERT INTO polls_lakevote VALUES(729,'2025-08-10',429,98,9);
INSERT INTO polls_lakevote VALUES(730,'2025-08-10',430,98,9);
INSERT INTO polls_lakevote VALUES(731,'2025-08-10',431,98,9);
INSERT INTO polls_lakevote VALUES(732,'2025-08-10',432,98,9);
INSERT INTO polls_lakevote VALUES(733,'2025-08-10',433,98,9);
INSERT INTO polls_lakevote VALUES(734,'2025-08-10',434,99,9);
INSERT INTO polls_lakevote VALUES(735,'2025-08-10',435,99,9);
INSERT INTO polls_lakevote VALUES(736,'2025-08-10',436,99,9);
INSERT INTO polls_lakevote VALUES(737,'2025-08-10',437,99,9);
INSERT INTO polls_lakevote VALUES(738,'2025-08-10',438,99,9);
INSERT INTO polls_lakevote VALUES(739,'2025-08-10',439,99,9);
INSERT INTO polls_lakevote VALUES(740,'2025-08-10',440,99,9);
INSERT INTO polls_lakevote VALUES(741,'2025-08-10',441,99,9);
INSERT INTO polls_lakevote VALUES(742,'2025-08-10',442,99,9);
INSERT INTO polls_lakevote VALUES(743,'2025-08-10',443,99,9);
INSERT INTO polls_lakevote VALUES(744,'2025-08-10',444,99,9);
INSERT INTO polls_lakevote VALUES(745,'2025-08-10',445,99,9);
INSERT INTO polls_lakevote VALUES(746,'2025-08-10',446,99,9);
INSERT INTO polls_lakevote VALUES(747,'2025-08-10',447,99,9);
INSERT INTO polls_lakevote VALUES(748,'2025-08-10',448,99,9);
INSERT INTO polls_lakevote VALUES(749,'2025-08-10',449,99,9);
INSERT INTO polls_lakevote VALUES(750,'2025-08-10',450,99,9);
INSERT INTO polls_lakevote VALUES(751,'2025-08-10',451,99,9);
INSERT INTO polls_lakevote VALUES(752,'2025-08-10',452,99,9);
INSERT INTO polls_lakevote VALUES(753,'2025-08-10',453,99,9);
INSERT INTO polls_lakevote VALUES(754,'2025-08-10',454,99,9);
INSERT INTO polls_lakevote VALUES(755,'2025-08-10',455,99,9);
INSERT INTO polls_lakevote VALUES(756,'2025-08-10',456,99,9);
INSERT INTO polls_lakevote VALUES(757,'2025-08-10',457,99,9);
INSERT INTO polls_lakevote VALUES(758,'2025-08-10',458,99,9);
INSERT INTO polls_lakevote VALUES(759,'2025-08-10',459,99,9);
INSERT INTO polls_lakevote VALUES(760,'2025-08-10',460,99,9);
INSERT INTO polls_lakevote VALUES(761,'2025-08-10',461,99,9);
INSERT INTO polls_lakevote VALUES(762,'2025-08-10',462,97,9);
INSERT INTO polls_lakevote VALUES(763,'2025-08-10',463,97,9);
INSERT INTO polls_lakevote VALUES(764,'2025-08-10',464,97,9);
INSERT INTO polls_lakevote VALUES(765,'2025-08-10',465,97,9);
INSERT INTO polls_lakevote VALUES(766,'2025-08-10',466,97,9);
INSERT INTO polls_lakevote VALUES(767,'2025-08-10',467,97,9);
INSERT INTO polls_lakevote VALUES(768,'2025-08-10',468,97,9);
INSERT INTO polls_lakevote VALUES(769,'2025-08-10',469,97,9);
INSERT INTO polls_lakevote VALUES(770,'2025-08-10',470,97,9);
INSERT INTO polls_lakevote VALUES(771,'2025-08-10',471,97,9);
INSERT INTO polls_lakevote VALUES(772,'2025-08-10',472,97,9);
INSERT INTO polls_lakevote VALUES(773,'2025-08-10',473,97,9);
INSERT INTO polls_lakevote VALUES(774,'2025-08-10',474,97,9);
INSERT INTO polls_lakevote VALUES(775,'2025-08-10',475,97,9);
INSERT INTO polls_lakevote VALUES(776,'2025-08-10',476,97,9);
INSERT INTO polls_lakevote VALUES(777,'2025-08-10',477,97,9);
INSERT INTO polls_lakevote VALUES(778,'2025-08-10',478,97,9);
INSERT INTO polls_lakevote VALUES(779,'2025-08-10',479,97,9);
INSERT INTO polls_lakevote VALUES(780,'2025-08-10',480,97,9);
INSERT INTO polls_lakevote VALUES(781,'2025-08-10',481,97,9);
INSERT INTO polls_lakevote VALUES(782,'2025-08-10',482,97,9);
INSERT INTO polls_lakevote VALUES(783,'2025-08-10',483,97,9);
INSERT INTO polls_lakevote VALUES(784,'2025-08-10',484,83,9);
INSERT INTO polls_lakevote VALUES(785,'2025-08-10',485,83,9);
INSERT INTO polls_lakevote VALUES(786,'2025-08-10',486,83,9);
INSERT INTO polls_lakevote VALUES(787,'2025-08-10',487,83,9);
INSERT INTO polls_lakevote VALUES(788,'2025-08-10',489,83,9);
INSERT INTO polls_lakevote VALUES(789,'2025-08-10',490,83,9);
INSERT INTO polls_lakevote VALUES(790,'2025-08-10',491,83,9);
INSERT INTO polls_lakevote VALUES(791,'2025-08-10',492,83,9);
INSERT INTO polls_lakevote VALUES(792,'2025-08-10',398,89,10);
INSERT INTO polls_lakevote VALUES(793,'2025-08-10',399,89,10);
INSERT INTO polls_lakevote VALUES(794,'2025-08-10',400,89,10);
INSERT INTO polls_lakevote VALUES(795,'2025-08-10',401,89,10);
INSERT INTO polls_lakevote VALUES(796,'2025-08-10',402,89,10);
INSERT INTO polls_lakevote VALUES(797,'2025-08-10',404,89,10);
INSERT INTO polls_lakevote VALUES(798,'2025-08-10',405,89,10);
INSERT INTO polls_lakevote VALUES(799,'2025-08-10',406,89,10);
INSERT INTO polls_lakevote VALUES(800,'2025-08-10',407,89,10);
INSERT INTO polls_lakevote VALUES(801,'2025-08-10',408,89,10);
INSERT INTO polls_lakevote VALUES(802,'2025-08-10',409,89,10);
INSERT INTO polls_lakevote VALUES(803,'2025-08-10',410,89,10);
INSERT INTO polls_lakevote VALUES(804,'2025-08-10',411,89,10);
INSERT INTO polls_lakevote VALUES(805,'2025-08-10',412,89,10);
INSERT INTO polls_lakevote VALUES(806,'2025-08-10',413,89,10);
INSERT INTO polls_lakevote VALUES(807,'2025-08-10',414,89,10);
INSERT INTO polls_lakevote VALUES(808,'2025-08-10',415,89,10);
INSERT INTO polls_lakevote VALUES(809,'2025-08-10',416,89,10);
INSERT INTO polls_lakevote VALUES(810,'2025-08-10',417,89,10);
INSERT INTO polls_lakevote VALUES(811,'2025-08-10',418,89,10);
INSERT INTO polls_lakevote VALUES(812,'2025-08-10',419,89,10);
INSERT INTO polls_lakevote VALUES(813,'2025-08-10',420,89,10);
INSERT INTO polls_lakevote VALUES(814,'2025-08-10',421,89,10);
INSERT INTO polls_lakevote VALUES(815,'2025-08-10',422,89,10);
INSERT INTO polls_lakevote VALUES(816,'2025-08-10',423,89,10);
INSERT INTO polls_lakevote VALUES(817,'2025-08-10',424,89,10);
INSERT INTO polls_lakevote VALUES(818,'2025-08-10',425,89,10);
INSERT INTO polls_lakevote VALUES(819,'2025-08-10',426,89,10);
INSERT INTO polls_lakevote VALUES(820,'2025-08-10',427,89,10);
INSERT INTO polls_lakevote VALUES(821,'2025-08-10',428,89,10);
INSERT INTO polls_lakevote VALUES(822,'2025-08-10',429,89,10);
INSERT INTO polls_lakevote VALUES(823,'2025-08-10',430,89,10);
INSERT INTO polls_lakevote VALUES(824,'2025-08-10',431,89,10);
INSERT INTO polls_lakevote VALUES(825,'2025-08-10',432,89,10);
INSERT INTO polls_lakevote VALUES(826,'2025-08-10',433,89,10);
INSERT INTO polls_lakevote VALUES(827,'2025-08-10',434,89,10);
INSERT INTO polls_lakevote VALUES(828,'2025-08-10',435,89,10);
INSERT INTO polls_lakevote VALUES(829,'2025-08-10',436,89,10);
INSERT INTO polls_lakevote VALUES(830,'2025-08-10',437,89,10);
INSERT INTO polls_lakevote VALUES(831,'2025-08-10',438,89,10);
INSERT INTO polls_lakevote VALUES(832,'2025-08-10',439,89,10);
INSERT INTO polls_lakevote VALUES(833,'2025-08-10',440,89,10);
INSERT INTO polls_lakevote VALUES(834,'2025-08-10',441,90,10);
INSERT INTO polls_lakevote VALUES(835,'2025-08-10',442,90,10);
INSERT INTO polls_lakevote VALUES(836,'2025-08-10',443,90,10);
INSERT INTO polls_lakevote VALUES(837,'2025-08-10',444,90,10);
INSERT INTO polls_lakevote VALUES(838,'2025-08-10',445,90,10);
INSERT INTO polls_lakevote VALUES(839,'2025-08-10',446,90,10);
INSERT INTO polls_lakevote VALUES(840,'2025-08-10',447,90,10);
INSERT INTO polls_lakevote VALUES(841,'2025-08-10',448,90,10);
INSERT INTO polls_lakevote VALUES(842,'2025-08-10',449,90,10);
INSERT INTO polls_lakevote VALUES(843,'2025-08-10',450,90,10);
INSERT INTO polls_lakevote VALUES(844,'2025-08-10',451,90,10);
INSERT INTO polls_lakevote VALUES(845,'2025-08-10',452,90,10);
INSERT INTO polls_lakevote VALUES(846,'2025-08-10',453,90,10);
INSERT INTO polls_lakevote VALUES(847,'2025-08-10',454,90,10);
INSERT INTO polls_lakevote VALUES(848,'2025-08-10',455,90,10);
INSERT INTO polls_lakevote VALUES(849,'2025-08-10',456,90,10);
INSERT INTO polls_lakevote VALUES(850,'2025-08-10',457,90,10);
INSERT INTO polls_lakevote VALUES(851,'2025-08-10',458,90,10);
INSERT INTO polls_lakevote VALUES(852,'2025-08-10',459,90,10);
INSERT INTO polls_lakevote VALUES(853,'2025-08-10',460,90,10);
INSERT INTO polls_lakevote VALUES(854,'2025-08-10',461,90,10);
INSERT INTO polls_lakevote VALUES(855,'2025-08-10',462,90,10);
INSERT INTO polls_lakevote VALUES(856,'2025-08-10',463,90,10);
INSERT INTO polls_lakevote VALUES(857,'2025-08-10',464,90,10);
INSERT INTO polls_lakevote VALUES(858,'2025-08-10',465,90,10);
INSERT INTO polls_lakevote VALUES(859,'2025-08-10',466,91,10);
INSERT INTO polls_lakevote VALUES(860,'2025-08-10',467,91,10);
INSERT INTO polls_lakevote VALUES(861,'2025-08-10',468,91,10);
INSERT INTO polls_lakevote VALUES(862,'2025-08-10',469,91,10);
INSERT INTO polls_lakevote VALUES(863,'2025-08-10',470,91,10);
INSERT INTO polls_lakevote VALUES(864,'2025-08-10',471,91,10);
INSERT INTO polls_lakevote VALUES(865,'2025-08-10',472,91,10);
INSERT INTO polls_lakevote VALUES(866,'2025-08-10',473,91,10);
INSERT INTO polls_lakevote VALUES(867,'2025-08-10',474,91,10);
INSERT INTO polls_lakevote VALUES(868,'2025-08-10',475,91,10);
INSERT INTO polls_lakevote VALUES(869,'2025-08-10',476,91,10);
INSERT INTO polls_lakevote VALUES(870,'2025-08-10',477,91,10);
INSERT INTO polls_lakevote VALUES(871,'2025-08-10',478,91,10);
INSERT INTO polls_lakevote VALUES(872,'2025-08-10',479,91,10);
INSERT INTO polls_lakevote VALUES(873,'2025-08-10',480,91,10);
INSERT INTO polls_lakevote VALUES(874,'2025-08-10',481,91,10);
INSERT INTO polls_lakevote VALUES(875,'2025-08-10',482,91,10);
INSERT INTO polls_lakevote VALUES(876,'2025-08-10',483,91,10);
INSERT INTO polls_lakevote VALUES(877,'2025-08-10',484,87,10);
INSERT INTO polls_lakevote VALUES(878,'2025-08-10',485,87,10);
INSERT INTO polls_lakevote VALUES(879,'2025-08-10',486,87,10);
INSERT INTO polls_lakevote VALUES(880,'2025-08-10',487,87,10);
INSERT INTO polls_lakevote VALUES(881,'2025-08-10',489,87,10);
INSERT INTO polls_lakevote VALUES(882,'2025-08-10',490,87,10);
INSERT INTO polls_lakevote VALUES(883,'2025-08-10',491,87,10);
INSERT INTO polls_lakevote VALUES(884,'2025-08-10',492,87,10);
INSERT INTO polls_lakevote VALUES(885,'2025-08-10',493,87,10);
INSERT INTO polls_lakevote VALUES(886,'2025-08-10',494,87,10);
INSERT INTO polls_lakevote VALUES(887,'2025-08-10',495,87,10);
INSERT INTO polls_lakevote VALUES(888,'2025-08-10',496,87,10);
INSERT INTO polls_lakevote VALUES(889,'2025-08-10',398,81,11);
INSERT INTO polls_lakevote VALUES(890,'2025-08-10',399,81,11);
INSERT INTO polls_lakevote VALUES(891,'2025-08-10',400,81,11);
INSERT INTO polls_lakevote VALUES(892,'2025-08-10',401,81,11);
INSERT INTO polls_lakevote VALUES(893,'2025-08-10',402,81,11);
INSERT INTO polls_lakevote VALUES(894,'2025-08-10',404,81,11);
INSERT INTO polls_lakevote VALUES(895,'2025-08-10',405,81,11);
INSERT INTO polls_lakevote VALUES(896,'2025-08-10',406,81,11);
INSERT INTO polls_lakevote VALUES(897,'2025-08-10',407,81,11);
INSERT INTO polls_lakevote VALUES(898,'2025-08-10',408,81,11);
INSERT INTO polls_lakevote VALUES(899,'2025-08-10',409,81,11);
INSERT INTO polls_lakevote VALUES(900,'2025-08-10',410,81,11);
INSERT INTO polls_lakevote VALUES(901,'2025-08-10',411,81,11);
INSERT INTO polls_lakevote VALUES(902,'2025-08-10',412,81,11);
INSERT INTO polls_lakevote VALUES(903,'2025-08-10',413,81,11);
INSERT INTO polls_lakevote VALUES(904,'2025-08-10',414,87,11);
INSERT INTO polls_lakevote VALUES(905,'2025-08-10',415,87,11);
INSERT INTO polls_lakevote VALUES(906,'2025-08-10',416,87,11);
INSERT INTO polls_lakevote VALUES(907,'2025-08-10',417,87,11);
INSERT INTO polls_lakevote VALUES(908,'2025-08-10',418,87,11);
INSERT INTO polls_lakevote VALUES(909,'2025-08-10',419,87,11);
INSERT INTO polls_lakevote VALUES(910,'2025-08-10',420,87,11);
INSERT INTO polls_lakevote VALUES(911,'2025-08-10',421,87,11);
INSERT INTO polls_lakevote VALUES(912,'2025-08-10',422,87,11);
INSERT INTO polls_lakevote VALUES(913,'2025-08-10',423,87,11);
INSERT INTO polls_lakevote VALUES(914,'2025-08-10',424,87,11);
INSERT INTO polls_lakevote VALUES(915,'2025-08-10',425,87,11);
INSERT INTO polls_lakevote VALUES(916,'2025-08-10',426,86,11);
INSERT INTO polls_lakevote VALUES(917,'2025-08-10',427,86,11);
INSERT INTO polls_lakevote VALUES(918,'2025-08-10',428,86,11);
INSERT INTO polls_lakevote VALUES(919,'2025-08-10',429,86,11);
INSERT INTO polls_lakevote VALUES(920,'2025-08-10',430,86,11);
INSERT INTO polls_lakevote VALUES(921,'2025-08-10',431,86,11);
INSERT INTO polls_lakevote VALUES(922,'2025-08-10',432,86,11);
INSERT INTO polls_lakevote VALUES(923,'2025-08-10',433,86,11);
INSERT INTO polls_lakevote VALUES(924,'2025-08-10',434,86,11);
INSERT INTO polls_lakevote VALUES(925,'2025-08-10',435,86,11);
INSERT INTO polls_lakevote VALUES(926,'2025-08-10',436,86,11);
INSERT INTO polls_lakevote VALUES(927,'2025-08-10',437,86,11);
INSERT INTO polls_lakevote VALUES(928,'2025-08-10',438,86,11);
INSERT INTO polls_lakevote VALUES(929,'2025-08-10',439,86,11);
INSERT INTO polls_lakevote VALUES(930,'2025-08-10',440,86,11);
INSERT INTO polls_lakevote VALUES(931,'2025-08-10',441,86,11);
INSERT INTO polls_lakevote VALUES(932,'2025-08-10',442,86,11);
INSERT INTO polls_lakevote VALUES(933,'2025-08-10',443,86,11);
INSERT INTO polls_lakevote VALUES(934,'2025-08-10',444,83,11);
INSERT INTO polls_lakevote VALUES(935,'2025-08-10',445,83,11);
INSERT INTO polls_lakevote VALUES(936,'2025-08-10',446,83,11);
INSERT INTO polls_lakevote VALUES(937,'2025-08-10',447,83,11);
INSERT INTO polls_lakevote VALUES(938,'2025-08-10',448,83,11);
INSERT INTO polls_lakevote VALUES(939,'2025-08-10',449,83,11);
INSERT INTO polls_lakevote VALUES(940,'2025-08-10',450,83,11);
INSERT INTO polls_lakevote VALUES(941,'2025-08-10',451,83,11);
INSERT INTO polls_lakevote VALUES(942,'2025-08-10',452,95,11);
INSERT INTO polls_lakevote VALUES(943,'2025-08-10',453,95,11);
INSERT INTO polls_lakevote VALUES(944,'2025-08-10',454,95,11);
INSERT INTO polls_lakevote VALUES(945,'2025-08-10',455,95,11);
INSERT INTO polls_lakevote VALUES(946,'2025-08-10',456,95,11);
INSERT INTO polls_lakevote VALUES(947,'2025-08-10',457,95,11);
INSERT INTO polls_lakevote VALUES(948,'2025-08-10',398,84,12);
INSERT INTO polls_lakevote VALUES(949,'2025-08-10',399,84,12);
INSERT INTO polls_lakevote VALUES(950,'2025-08-10',400,84,12);
INSERT INTO polls_lakevote VALUES(951,'2025-08-10',401,84,12);
INSERT INTO polls_lakevote VALUES(952,'2025-08-10',402,84,12);
INSERT INTO polls_lakevote VALUES(953,'2025-08-10',404,84,12);
INSERT INTO polls_lakevote VALUES(954,'2025-08-10',405,84,12);
INSERT INTO polls_lakevote VALUES(955,'2025-08-10',406,84,12);
INSERT INTO polls_lakevote VALUES(956,'2025-08-10',407,84,12);
INSERT INTO polls_lakevote VALUES(957,'2025-08-10',408,84,12);
INSERT INTO polls_lakevote VALUES(958,'2025-08-10',409,84,12);
INSERT INTO polls_lakevote VALUES(959,'2025-08-10',410,84,12);
INSERT INTO polls_lakevote VALUES(960,'2025-08-10',411,84,12);
INSERT INTO polls_lakevote VALUES(961,'2025-08-10',412,84,12);
INSERT INTO polls_lakevote VALUES(962,'2025-08-10',413,84,12);
INSERT INTO polls_lakevote VALUES(963,'2025-08-10',414,84,12);
INSERT INTO polls_lakevote VALUES(964,'2025-08-10',415,84,12);
INSERT INTO polls_lakevote VALUES(965,'2025-08-10',416,84,12);
INSERT INTO polls_lakevote VALUES(966,'2025-08-10',417,84,12);
INSERT INTO polls_lakevote VALUES(967,'2025-08-10',418,84,12);
INSERT INTO polls_lakevote VALUES(968,'2025-08-10',419,84,12);
INSERT INTO polls_lakevote VALUES(969,'2025-08-10',420,84,12);
INSERT INTO polls_lakevote VALUES(970,'2025-08-10',421,93,12);
INSERT INTO polls_lakevote VALUES(971,'2025-08-10',422,93,12);
INSERT INTO polls_lakevote VALUES(972,'2025-08-10',423,93,12);
INSERT INTO polls_lakevote VALUES(973,'2025-08-10',424,93,12);
INSERT INTO polls_lakevote VALUES(974,'2025-08-10',425,93,12);
INSERT INTO polls_lakevote VALUES(975,'2025-08-10',426,93,12);
INSERT INTO polls_lakevote VALUES(976,'2025-08-10',427,93,12);
INSERT INTO polls_lakevote VALUES(977,'2025-08-10',428,93,12);
INSERT INTO polls_lakevote VALUES(978,'2025-08-10',429,93,12);
INSERT INTO polls_lakevote VALUES(979,'2025-08-10',430,93,12);
INSERT INTO polls_lakevote VALUES(980,'2025-08-10',431,93,12);
INSERT INTO polls_lakevote VALUES(981,'2025-08-10',432,93,12);
INSERT INTO polls_lakevote VALUES(982,'2025-08-10',433,93,12);
INSERT INTO polls_lakevote VALUES(983,'2025-08-10',434,93,12);
INSERT INTO polls_lakevote VALUES(984,'2025-08-10',435,93,12);
INSERT INTO polls_lakevote VALUES(985,'2025-08-10',436,93,12);
INSERT INTO polls_lakevote VALUES(986,'2025-08-10',437,94,12);
INSERT INTO polls_lakevote VALUES(987,'2025-08-10',438,94,12);
INSERT INTO polls_lakevote VALUES(988,'2025-08-10',439,94,12);
INSERT INTO polls_lakevote VALUES(989,'2025-08-10',440,94,12);
INSERT INTO polls_lakevote VALUES(990,'2025-08-10',441,94,12);
INSERT INTO polls_lakevote VALUES(991,'2025-08-10',442,94,12);
INSERT INTO polls_lakevote VALUES(992,'2025-08-10',443,94,12);
INSERT INTO polls_lakevote VALUES(993,'2025-08-10',444,94,12);
INSERT INTO polls_lakevote VALUES(994,'2025-08-10',445,94,12);
INSERT INTO polls_lakevote VALUES(995,'2025-08-10',446,94,12);
INSERT INTO polls_lakevote VALUES(996,'2025-08-10',447,94,12);
INSERT INTO polls_lakevote VALUES(997,'2025-08-10',448,94,12);
INSERT INTO polls_lakevote VALUES(998,'2025-08-10',449,94,12);
INSERT INTO polls_lakevote VALUES(999,'2025-08-10',450,94,12);
INSERT INTO polls_lakevote VALUES(1000,'2025-08-10',451,92,12);
INSERT INTO polls_lakevote VALUES(1001,'2025-08-10',452,92,12);
INSERT INTO polls_lakevote VALUES(1002,'2025-08-10',453,92,12);
INSERT INTO polls_lakevote VALUES(1003,'2025-08-10',454,92,12);
INSERT INTO polls_lakevote VALUES(1004,'2025-08-10',455,92,12);
INSERT INTO polls_lakevote VALUES(1005,'2025-08-10',456,92,12);
INSERT INTO polls_lakevote VALUES(1006,'2025-08-10',457,92,12);
INSERT INTO polls_lakevote VALUES(1007,'2025-08-10',458,92,12);
INSERT INTO polls_lakevote VALUES(1008,'2025-08-10',459,92,12);
INSERT INTO polls_lakevote VALUES(1009,'2025-08-10',460,92,12);
INSERT INTO polls_lakevote VALUES(1010,'2025-08-10',461,96,12);
INSERT INTO polls_lakevote VALUES(1011,'2025-08-10',462,96,12);
INSERT INTO polls_lakevote VALUES(1012,'2025-08-10',463,96,12);
INSERT INTO polls_lakevote VALUES(1013,'2025-08-10',464,96,12);
INSERT INTO polls_lakevote VALUES(1014,'2025-08-10',465,96,12);
INSERT INTO polls_lakevote VALUES(1015,'2025-08-10',466,96,12);
INSERT INTO polls_lakevote VALUES(1016,'2025-08-10',467,96,12);
CREATE TABLE IF NOT EXISTS "polls_lakepoll" ("id" integer NOT NULL PRIMARY KEY AUTOINCREMENT, "end_date" date NULL, "end_time" time NULL, "complete" bool NOT NULL, "description" text NULL, "name" varchar(256) NOT NULL, "event_id" integer NULL REFERENCES "tournaments_events" ("id") DEFERRABLE INITIALLY DEFERRED);
INSERT INTO polls_lakepoll VALUES(7,'2024-08-30','19:00:00',1,'Vote for the lake where you''d like to fish our September tournament. Consider current conditions and access.','September 2024 Tournament Lake Selection',NULL);
INSERT INTO polls_lakepoll VALUES(8,'2024-09-20','19:00:00',1,'Choose the lake for our team championship tournament in October. Big lake options for team fishing.','October 2024 Team Tournament Location',NULL);
INSERT INTO polls_lakepoll VALUES(9,'2024-10-25','19:00:00',1,'Final vote for November tournament location. Weather will be cooler, so consider which lakes fish best in fall.','November 2024 Tournament Lake Vote',NULL);
INSERT INTO polls_lakepoll VALUES(10,'2024-11-25','19:00:00',1,'Vote for our final tournament of 2024! Consider warm-water options for winter fishing.','December 2024 Year-End Tournament',NULL);
INSERT INTO polls_lakepoll VALUES(11,'2024-12-15','19:00:00',1,'Start the new year right! Vote for where you want to kick off the 2025 tournament season.','January 2025 Season Opener Location',NULL);
INSERT INTO polls_lakepoll VALUES(12,'2024-12-20','19:00:00',1,'Our first team tournament of 2025 - which lake would provide the best team fishing experience?','February 2025 Team Tournament Lake',NULL);
INSERT INTO polls_lakepoll VALUES(13,'2025-08-20','19:00:00',0,'A test poll for deletion','Test Poll Delete',NULL);
CREATE TABLE IF NOT EXISTS "django_session" ("session_key" varchar(40) NOT NULL PRIMARY KEY, "session_data" text NOT NULL, "expire_date" datetime NOT NULL);
INSERT INTO django_session VALUES('6lco26zqkavvfzdi84oyweave3df1g72','.eJxVjDkOwjAUBe_iGllJMP42JT1nsP5KAsiRslSIu0OkFNC-mXkvV3Bd-rLOOpVB3NmdQnCH35WQH1o3JHest9HzWJdpIL8pfqezv46iz8vu_h30OPffOrUsZkEtIysoQkvWUIQ2dxGZtcsEKVlio6xZNQoeszA2IEBRwb0_elI6Qw:1umCqp:j5crQafQqo-Kjuwga82NDCwppiiJAAgHq8HEmWbK76I','2025-08-27 14:53:15.843953');
CREATE TABLE IF NOT EXISTS "tournaments_teamresult" ("id" integer NOT NULL PRIMARY KEY AUTOINCREMENT, "buy_in" bool NULL, "num_fish" smallint NULL, "team_name" varchar(1024) NULL, "manual_edit" bool NOT NULL, "place_finish" smallint NULL, "disqualified" bool NOT NULL, "total_weight" decimal NOT NULL, "num_fish_dead" smallint NULL, "num_fish_alive" smallint NOT NULL, "penalty_weight" decimal NOT NULL, "big_bass_weight" decimal NOT NULL, "result_1_id" integer NOT NULL REFERENCES "tournaments_result" ("id") DEFERRABLE INITIALLY DEFERRED, "result_2_id" integer NULL REFERENCES "tournaments_result" ("id") DEFERRABLE INITIALLY DEFERRED, "tournament_id" integer NOT NULL REFERENCES "tournaments_tournament" ("id") DEFERRABLE INITIALLY DEFERRED);
INSERT INTO tournaments_teamresult VALUES(7,0,10,'Tommy Rodriguez & Bobby Thompson',0,0,0,24.6700000000000017,5,10,0,4.120000000000000106,48,49,14);
INSERT INTO tournaments_teamresult VALUES(8,0,9,'Charlie Martinez & David Anderson',0,0,0,22.44999999999999929,5,9,0,3.890000000000000124,50,51,14);
INSERT INTO tournaments_teamresult VALUES(9,0,9,'Eddie Garcia & Gary Miller',0,0,0,20.12000000000000099,4,9,0,3.450000000000000177,53,52,14);
INSERT INTO tournaments_teamresult VALUES(10,0,10,'Mark Jackson & Nick White',0,0,0,28.89000000000000056,5,10,0,5.669999999999999929,64,66,17);
INSERT INTO tournaments_teamresult VALUES(11,0,9,'Oscar Harris & Pete Martin',0,0,0,26.44999999999999929,5,9,0,4.889999999999999681,65,68,17);
INSERT INTO tournaments_teamresult VALUES(12,0,9,'Quinn Lee & Rick Walker',0,0,0,24.12000000000000099,5,9,0,4.230000000000000427,67,69,17);
CREATE TABLE IF NOT EXISTS "tournaments_result" ("id" integer NOT NULL PRIMARY KEY AUTOINCREMENT, "buy_in" bool NOT NULL, "points" smallint NULL, "num_fish" smallint NOT NULL, "dq_points" bool NOT NULL, "locked" bool NOT NULL, "place_finish" smallint NOT NULL, "total_weight" decimal NOT NULL, "disqualified" bool NOT NULL, "num_fish_dead" smallint NOT NULL, "num_fish_alive" smallint NULL, "penalty_weight" decimal NOT NULL, "big_bass_weight" decimal NOT NULL, "angler_id" integer NOT NULL REFERENCES "users_angler" ("user_id") DEFERRABLE INITIALLY DEFERRED, "tournament_id" integer NOT NULL REFERENCES "tournaments_tournament" ("id") DEFERRABLE INITIALLY DEFERRED);
INSERT INTO tournaments_result VALUES(43,0,100,5,0,0,1,14.84999999999999965,0,0,5,0,4.120000000000000106,398,13);
INSERT INTO tournaments_result VALUES(44,0,95,5,0,0,2,13.91999999999999993,0,0,5,0,3.779999999999999805,399,13);
INSERT INTO tournaments_result VALUES(45,0,90,5,0,0,3,12.66999999999999993,0,1,4,0.5,3.450000000000000177,400,13);
INSERT INTO tournaments_result VALUES(46,0,85,4,0,0,4,11.23000000000000042,0,0,4,0,4.009999999999999787,401,13);
INSERT INTO tournaments_result VALUES(47,0,80,5,0,0,5,10.89000000000000056,0,0,5,0,2.950000000000000177,402,13);
INSERT INTO tournaments_result VALUES(48,0,0,5,0,0,1,12.44999999999999929,0,0,5,0,4.120000000000000106,398,14);
INSERT INTO tournaments_result VALUES(49,0,0,5,0,0,2,12.22000000000000063,0,0,5,0,3.669999999999999929,399,14);
INSERT INTO tournaments_result VALUES(50,0,0,5,0,0,3,11.89000000000000056,0,0,5,0,3.890000000000000124,400,14);
INSERT INTO tournaments_result VALUES(51,0,0,4,0,0,4,10.56000000000000049,0,0,4,0,3.209999999999999965,401,14);
INSERT INTO tournaments_result VALUES(52,0,0,5,0,0,5,10.25,0,0,5,0,2.979999999999999983,404,14);
INSERT INTO tournaments_result VALUES(53,0,0,4,0,0,6,9.86999999999999921,0,0,4,0,3.450000000000000177,402,14);
INSERT INTO tournaments_result VALUES(54,0,100,5,0,0,1,16.23000000000000042,0,0,5,0,5.120000000000000106,405,15);
INSERT INTO tournaments_result VALUES(55,0,95,5,0,0,2,14.89000000000000056,0,0,5,0,4.450000000000000177,406,15);
INSERT INTO tournaments_result VALUES(56,0,90,5,0,0,3,13.56000000000000049,0,2,3,1,3.890000000000000124,407,15);
INSERT INTO tournaments_result VALUES(57,0,85,4,0,0,4,12.33999999999999986,0,0,4,0,4.009999999999999787,408,15);
INSERT INTO tournaments_result VALUES(58,0,80,5,0,0,5,11.77999999999999937,0,0,5,0,3.229999999999999983,409,15);
INSERT INTO tournaments_result VALUES(59,0,100,5,0,0,1,18.44999999999999929,0,0,5,0,6.230000000000000426,410,16);
INSERT INTO tournaments_result VALUES(60,0,95,5,0,0,2,17.12000000000000099,0,0,5,0,5.339999999999999858,411,16);
INSERT INTO tournaments_result VALUES(61,0,90,5,0,0,3,15.89000000000000056,0,0,5,0,4.780000000000000248,412,16);
INSERT INTO tournaments_result VALUES(62,0,85,5,0,0,4,14.66999999999999993,0,1,4,0.5,4.120000000000000106,413,16);
INSERT INTO tournaments_result VALUES(63,0,80,4,0,0,5,13.23000000000000042,0,0,4,0,4.559999999999999609,414,16);
INSERT INTO tournaments_result VALUES(64,0,0,5,0,0,1,15.23000000000000042,0,0,5,0,5.669999999999999929,410,17);
INSERT INTO tournaments_result VALUES(65,0,0,5,0,0,2,14.77999999999999937,0,0,5,0,4.889999999999999681,412,17);
INSERT INTO tournaments_result VALUES(66,0,0,5,0,0,3,13.66000000000000014,0,0,5,0,4.120000000000000106,411,17);
INSERT INTO tournaments_result VALUES(67,0,0,5,0,0,4,12.44999999999999929,0,0,5,0,4.230000000000000427,414,17);
INSERT INTO tournaments_result VALUES(68,0,0,4,0,0,5,11.66999999999999993,0,0,4,0,3.450000000000000177,413,17);
INSERT INTO tournaments_result VALUES(69,0,0,4,0,0,6,11.66999999999999993,0,0,4,0,3.779999999999999805,415,17);
INSERT INTO tournaments_result VALUES(70,0,100,5,0,0,1,15.66999999999999993,0,0,5,0,4.889999999999999681,416,18);
INSERT INTO tournaments_result VALUES(71,0,95,5,0,0,2,14.23000000000000042,0,0,5,0,4.120000000000000106,417,18);
INSERT INTO tournaments_result VALUES(72,0,90,5,0,0,3,13.44999999999999929,0,1,4,0.5,3.779999999999999805,418,18);
INSERT INTO tournaments_result VALUES(73,0,85,4,0,0,4,12.89000000000000056,0,0,4,0,5.230000000000000426,419,18);
INSERT INTO tournaments_result VALUES(74,0,80,5,0,0,5,11.66999999999999993,0,0,5,0,3.450000000000000177,420,18);
INSERT INTO tournaments_result VALUES(75,0,100,5,0,0,1,14.11999999999999922,0,0,5,0,4.559999999999999609,421,19);
INSERT INTO tournaments_result VALUES(76,0,95,5,0,0,2,13.77999999999999937,0,0,5,0,3.890000000000000124,422,19);
INSERT INTO tournaments_result VALUES(77,0,90,4,0,0,3,12.44999999999999929,0,0,4,0,4.230000000000000427,423,19);
INSERT INTO tournaments_result VALUES(78,0,85,5,0,0,4,11.89000000000000056,0,2,3,1,3.669999999999999929,424,19);
INSERT INTO tournaments_result VALUES(79,0,80,4,0,0,5,10.66999999999999993,0,0,4,0,3.120000000000000106,425,19);
INSERT INTO tournaments_result VALUES(80,0,100,5,0,0,1,13.89000000000000056,0,0,5,0,4.780000000000000248,426,20);
INSERT INTO tournaments_result VALUES(81,0,95,5,0,0,2,12.33999999999999986,0,0,5,0,4.120000000000000106,427,20);
INSERT INTO tournaments_result VALUES(82,0,90,5,0,0,3,11.77999999999999937,0,1,4,0.5,3.450000000000000177,428,20);
INSERT INTO tournaments_result VALUES(83,0,85,4,0,0,4,10.89000000000000056,0,0,4,0,3.779999999999999805,429,20);
INSERT INTO tournaments_result VALUES(84,0,80,4,0,0,5,9.66999999999999993,0,0,4,0,2.890000000000000124,430,20);
CREATE TABLE IF NOT EXISTS "tournaments_events" ("id" integer NOT NULL PRIMARY KEY AUTOINCREMENT, "date" date NULL, "type" varchar(25) NOT NULL, "month" varchar(20) NOT NULL, "start" time NULL, "finish" time NULL, "year" smallint NOT NULL);
INSERT INTO tournaments_events VALUES(14,'2024-01-13','tournament','january','06:30:00','15:00:00',2024);
INSERT INTO tournaments_events VALUES(15,'2024-02-10','tournament','february','07:00:00','15:00:00',2024);
INSERT INTO tournaments_events VALUES(16,'2024-03-09','tournament','march','06:30:00','15:00:00',2024);
INSERT INTO tournaments_events VALUES(17,'2024-04-13','tournament','april','06:00:00','15:00:00',2024);
INSERT INTO tournaments_events VALUES(18,'2024-05-11','tournament','may','06:30:00','15:00:00',2024);
INSERT INTO tournaments_events VALUES(19,'2024-06-08','tournament','june','06:00:00','14:00:00',2024);
INSERT INTO tournaments_events VALUES(20,'2024-07-06','tournament','july','05:30:00','13:00:00',2024);
INSERT INTO tournaments_events VALUES(21,'2024-08-10','tournament','august','05:00:00','12:00:00',2024);
INSERT INTO tournaments_events VALUES(22,'2024-09-14','tournament','september','06:30:00','15:00:00',2024);
INSERT INTO tournaments_events VALUES(23,'2024-10-12','tournament','october','06:30:00','15:00:00',2024);
INSERT INTO tournaments_events VALUES(24,'2024-11-09','tournament','november','07:00:00','15:00:00',2024);
INSERT INTO tournaments_events VALUES(25,'2024-12-07','tournament','december','07:30:00','15:00:00',2024);
CREATE TABLE IF NOT EXISTS "tournaments_payoutmultipliers" ("id" integer NOT NULL PRIMARY KEY AUTOINCREMENT, "club" decimal NOT NULL, "place_1" decimal NOT NULL, "place_2" decimal NOT NULL, "place_3" decimal NOT NULL, "charity" decimal NOT NULL, "big_bass" decimal NOT NULL, "entry_fee" decimal NOT NULL, "paid_places" smallint NOT NULL, "per_boat_fee" decimal NOT NULL, "fee_breakdown" text NOT NULL, "year" smallint NOT NULL);
INSERT INTO tournaments_payoutmultipliers VALUES(5,3,7,5,4,2,4,25,3,50,replace('Breakdown of the Entry Fee:\n$16.00 to the Tournament Pot\n1st $7.00, 2nd $5.00, 3rd $4.00\n$4.00 to the Tournament Big Bass Pot OVER 5 lbs.\n$3.00 will go towards Clubs Funds\n$2.00 Charity of the clubs choosing','\n',char(10)),2025);
INSERT INTO tournaments_payoutmultipliers VALUES(6,3,7,5,4,2,4,25,3,50,replace('Breakdown of the Entry Fee:\n$16.00 to the Tournament Pot\n1st $7.00, 2nd $5.00, 3rd $4.00\n$4.00 to the Tournament Big Bass Pot OVER 5 lbs.\n$3.00 will go towards Clubs Funds\n$2.00 Charity of the clubs choosing','\n',char(10)),2024);
CREATE TABLE IF NOT EXISTS "tournaments_ruleset" ("id" integer NOT NULL PRIMARY KEY AUTOINCREMENT, "name" varchar(100) NOT NULL, "rules" text NOT NULL, "payout" text NOT NULL, "weigh_in" text NOT NULL, "entry_fee" text NOT NULL, "limit_num" smallint NOT NULL, "dead_fish_penalty" decimal NOT NULL, "max_points" smallint NOT NULL, "big_bass_breakdown" text NOT NULL, "zeroes_points_offset" smallint NOT NULL, "buy_ins_points_offset" smallint NOT NULL, "disqualified_points_offset" smallint NOT NULL, "year" smallint NOT NULL);
INSERT INTO tournaments_ruleset VALUES(5,'SABC Default Rules 2025',replace('\n1. All Federal, State and local laws must be observed. Illegal acts may result in disqualification.\n2. Protests must be presented to a club officer within 30 minutes of the weigh-in.\n3. Team members must fish from the same boat. SABC rules do allow a third contestant in a boat during Individual type tournaments. (A guest must fish with a paid member)\n4. Only artificial baits may be used. (Exception  pork rind may be used.)\n5. Only legal-sized Black, Smallmouth, or Spotted Bass are eligible for weigh-in. (Exception --Spotted/ Guadalupe Bass must be 12 inches in length.) Members are responsible for knowing individual lake rules.\n6. Fish must be measured on a flat board with a perpendicular end. Fish must be placed flat on the board, with mouth closed and jammed against perpendicular end. You may manipulate tail to determine maximum length. (Tip of tail must touch the line for 14 inches, etc.). Any fish at weigh-in short of legal limit makes team/individual subject to disqualification. If you are unsure of a fishs measurement, ask a club officer to check the fish prior to presentation at weigh-in.\n7. Tournament Lake is off limits for Fishing 12 hours prior to tournament start time.\n8. There is a five (5) fish limit per person. Each person may weigh-in only those five fish that they caught. No exchange of fish between team members. Keep your fish separated or mark when caught.\nExceptions:\n    (a) Two-day tournaments--5 fish per day, and/or\n    (b) Local lake law allows less than five fish stringers.\n    (c) Summer 3 fish limits to prevent fish mortality\n9. No trolling with gas engine will be allowed.\n10. Weigh-ins will be held lakeside when possible for live release of fish.\n11. Fish should not be presented at weigh-in in a net! Fish must be presented in a water holding bag.\n12. Any team or individual may be disqualified for a violation of rules or un-sportsman like conduct, by a vote of the club officers present.\n13. Start time: You may not make your first cast until the designated start time.\n14. Team may consist of 1 member, but he may weigh-in only 5 fish--against the other teams with 10 fish.\n','\n',char(10)),replace('Moneys paid to winners will be based on total weight of combined stringers of both team members.\nIndividual stringer weights are recorded to determine the points awarded for the year-end awards.\n','\n',char(10)),replace('\n1. Tournament anglers must be inside of the buoys, where weigh-in is to be held by the end time of the tournament. If an angler or a team is not at an idle speed, inside the buoys by the end time of the tournament they will be disqualified.\n2. The weigh-in will begin 15min after the end time of the tournament. This time is for people to trailer their boats and for the weigh-in committee to get set up to receive fish. For fish care reasons please wait for scales to officially open before placing your fish in a weigh in bag.\n3. Hard Luck Clause: If a Team experiences mechanical issues or any issues outside their power, they can call an Officer before the end of the Tournament for a grace period or assistance. The teams creel will be weighed in once they can get back to weigh-in site.\n','\n',char(10)),replace('\nEntry fee shall be due no later than weigh-in. No checks, cash only and possibly Venmo/Zello/Ca$hApp.\nFee is due if you fish at any time during the tournament.\n\n1. Teams/ Club Members fishing tournament waters, during tournament hours, will be responsible for\nentry fees whether you show up for weigh-in or not as you will be considered fishing the tournament.\n\n2. If you have an adult guest fishing in the boat they will be considered fishing the tournament and will\npay the tournament fee. A guest can fish up to two tournaments within the same calendar year\nwithout having to become an SABC member. After that, they will be required to pay the annual\n$20 annual membership fee prior to fishing any more club tournaments within the same year.\n\n3. If special provisions or requests are required by a member they must be brought up before the\ntournament and voted on and approved by at least three officers\n','\n',char(10)),5,0.5,100,replace('\nBig Bass Pot is paid to the heaviest bass caught at the tournament OVER 5lbs.\n\nIf fishing a Slot Limit Lake or a Paper Tournament and no bass is brought in over the slot limit,\nthis pot will be carried over to the next tournament.\n\n- ONLY MEMBERS in good standing are eligible for Big Bass Award.\n','\n',char(10)),2,4,3,2025);
INSERT INTO tournaments_ruleset VALUES(6,'SABC Default Rules 2024',replace('\n1. All Federal, State and local laws must be observed. Illegal acts may result in disqualification.\n2. Protests must be presented to a club officer within 30 minutes of the weigh-in.\n3. Team members must fish from the same boat. SABC rules do allow a third contestant in a boat during Individual type tournaments. (A guest must fish with a paid member)\n4. Only artificial baits may be used. (Exception  pork rind may be used.)\n5. Only legal-sized Black, Smallmouth, or Spotted Bass are eligible for weigh-in. (Exception --Spotted/ Guadalupe Bass must be 12 inches in length.) Members are responsible for knowing individual lake rules.\n6. Fish must be measured on a flat board with a perpendicular end. Fish must be placed flat on the board, with mouth closed and jammed against perpendicular end. You may manipulate tail to determine maximum length. (Tip of tail must touch the line for 14 inches, etc.). Any fish at weigh-in short of legal limit makes team/individual subject to disqualification. If you are unsure of a fishs measurement, ask a club officer to check the fish prior to presentation at weigh-in.\n7. Tournament Lake is off limits for Fishing 12 hours prior to tournament start time.\n8. There is a five (5) fish limit per person. Each person may weigh-in only those five fish that they caught. No exchange of fish between team members. Keep your fish separated or mark when caught.\nExceptions:\n    (a) Two-day tournaments--5 fish per day, and/or\n    (b) Local lake law allows less than five fish stringers.\n    (c) Summer 3 fish limits to prevent fish mortality\n9. No trolling with gas engine will be allowed.\n10. Weigh-ins will be held lakeside when possible for live release of fish.\n11. Fish should not be presented at weigh-in in a net! Fish must be presented in a water holding bag.\n12. Any team or individual may be disqualified for a violation of rules or un-sportsman like conduct, by a vote of the club officers present.\n13. Start time: You may not make your first cast until the designated start time.\n14. Team may consist of 1 member, but he may weigh-in only 5 fish--against the other teams with 10 fish.\n','\n',char(10)),replace('Moneys paid to winners will be based on total weight of combined stringers of both team members.\nIndividual stringer weights are recorded to determine the points awarded for the year-end awards.\n','\n',char(10)),replace('\n1. Tournament anglers must be inside of the buoys, where weigh-in is to be held by the end time of the tournament. If an angler or a team is not at an idle speed, inside the buoys by the end time of the tournament they will be disqualified.\n2. The weigh-in will begin 15min after the end time of the tournament. This time is for people to trailer their boats and for the weigh-in committee to get set up to receive fish. For fish care reasons please wait for scales to officially open before placing your fish in a weigh in bag.\n3. Hard Luck Clause: If a Team experiences mechanical issues or any issues outside their power, they can call an Officer before the end of the Tournament for a grace period or assistance. The teams creel will be weighed in once they can get back to weigh-in site.\n','\n',char(10)),replace('\nEntry fee shall be due no later than weigh-in. No checks, cash only and possibly Venmo/Zello/Ca$hApp.\nFee is due if you fish at any time during the tournament.\n\n1. Teams/ Club Members fishing tournament waters, during tournament hours, will be responsible for\nentry fees whether you show up for weigh-in or not as you will be considered fishing the tournament.\n\n2. If you have an adult guest fishing in the boat they will be considered fishing the tournament and will\npay the tournament fee. A guest can fish up to two tournaments within the same calendar year\nwithout having to become an SABC member. After that, they will be required to pay the annual\n$20 annual membership fee prior to fishing any more club tournaments within the same year.\n\n3. If special provisions or requests are required by a member they must be brought up before the\ntournament and voted on and approved by at least three officers\n','\n',char(10)),5,0.5,100,replace('\nBig Bass Pot is paid to the heaviest bass caught at the tournament OVER 5lbs.\n\nIf fishing a Slot Limit Lake or a Paper Tournament and no bass is brought in over the slot limit,\nthis pot will be carried over to the next tournament.\n\n- ONLY MEMBERS in good standing are eligible for Big Bass Award.\n','\n',char(10)),2,4,3,2024);
CREATE TABLE IF NOT EXISTS "users_officers" ("id" integer NOT NULL PRIMARY KEY AUTOINCREMENT, "position" varchar(50) NOT NULL, "angler_id" integer NOT NULL REFERENCES "users_angler" ("user_id") DEFERRABLE INITIALLY DEFERRED, "year" smallint NOT NULL);
INSERT INTO users_officers VALUES(13,'president',394,2025);
INSERT INTO users_officers VALUES(14,'vice-president',395,2025);
INSERT INTO users_officers VALUES(15,'treasurer',396,2025);
INSERT INTO users_officers VALUES(16,'secretary',397,2025);
CREATE TABLE IF NOT EXISTS "tournaments_calendarevent" ("id" integer NOT NULL PRIMARY KEY AUTOINCREMENT, "title" varchar(100) NOT NULL, "description" text NULL, "date" date NOT NULL, "start_time" time NULL, "end_time" time NULL, "category" varchar(20) NOT NULL, "priority" varchar(10) NOT NULL, "external_url" varchar(200) NULL, "is_recurring" bool NOT NULL, "recurring_type" varchar(20) NULL, "created_at" datetime NOT NULL, "updated_at" datetime NOT NULL, "lake_id" integer NULL REFERENCES "tournaments_lake" ("id") DEFERRABLE INITIALLY DEFERRED);
CREATE TABLE IF NOT EXISTS "users_angler" ("user_id" integer NOT NULL PRIMARY KEY REFERENCES "auth_user" ("id") DEFERRABLE INITIALLY DEFERRED, "member" bool NULL, "date_joined" date NOT NULL, "phone_number" varchar(128) NOT NULL, "image" varchar(100) NOT NULL);
INSERT INTO users_angler VALUES(394,1,'2025-08-10','(512) 555-0101','profile_pics/default.png');
INSERT INTO users_angler VALUES(395,1,'2025-08-10','(512) 555-0102','profile_pics/default.png');
INSERT INTO users_angler VALUES(396,1,'2025-08-10','(512) 555-0103','profile_pics/default.png');
INSERT INTO users_angler VALUES(397,1,'2025-08-10','(512) 555-0104','profile_pics/default.png');
INSERT INTO users_angler VALUES(398,1,'2025-08-10','(512) 555-0201','profile_pics/default.png');
INSERT INTO users_angler VALUES(399,1,'2025-08-10','(512) 555-0202','profile_pics/default.png');
INSERT INTO users_angler VALUES(400,1,'2025-08-10','(512) 555-0203','profile_pics/default.png');
INSERT INTO users_angler VALUES(401,1,'2025-08-10','(512) 555-0204','profile_pics/default.png');
INSERT INTO users_angler VALUES(402,1,'2025-08-10','(512) 555-0205','profile_pics/default.png');
INSERT INTO users_angler VALUES(403,1,'2025-08-10','(512) 555-0206','profile_pics/default.png');
INSERT INTO users_angler VALUES(404,1,'2025-08-10','(512) 555-0207','profile_pics/default.png');
INSERT INTO users_angler VALUES(405,1,'2025-08-10','(512) 555-0208','profile_pics/default.png');
INSERT INTO users_angler VALUES(406,1,'2025-08-10','(512) 555-0209','profile_pics/default.png');
INSERT INTO users_angler VALUES(407,1,'2025-08-10','(512) 555-0210','profile_pics/default.png');
INSERT INTO users_angler VALUES(408,1,'2025-08-10','(512) 555-0211','profile_pics/default.png');
INSERT INTO users_angler VALUES(409,1,'2025-08-10','(512) 555-0212','profile_pics/default.png');
INSERT INTO users_angler VALUES(410,1,'2025-08-10','(512) 555-0213','profile_pics/default.png');
INSERT INTO users_angler VALUES(411,1,'2025-08-10','(512) 555-0214','profile_pics/default.png');
INSERT INTO users_angler VALUES(412,1,'2025-08-10','(512) 555-0215','profile_pics/default.png');
INSERT INTO users_angler VALUES(413,1,'2025-08-10','(512) 555-0216','profile_pics/default.png');
INSERT INTO users_angler VALUES(414,1,'2025-08-10','(512) 555-0217','profile_pics/default.png');
INSERT INTO users_angler VALUES(415,1,'2025-08-10','(512) 555-0218','profile_pics/default.png');
INSERT INTO users_angler VALUES(416,1,'2025-08-10','(512) 555-0219','profile_pics/default.png');
INSERT INTO users_angler VALUES(417,1,'2025-08-10','(512) 555-0220','profile_pics/default.png');
INSERT INTO users_angler VALUES(418,1,'2025-08-10','(512) 555-0221','profile_pics/default.png');
INSERT INTO users_angler VALUES(419,1,'2025-08-10','(512) 555-0222','profile_pics/default.png');
INSERT INTO users_angler VALUES(420,1,'2025-08-10','(512) 555-0223','profile_pics/default.png');
INSERT INTO users_angler VALUES(421,1,'2025-08-10','(512) 555-0224','profile_pics/default.png');
INSERT INTO users_angler VALUES(422,1,'2025-08-10','(512) 555-0225','profile_pics/default.png');
INSERT INTO users_angler VALUES(423,1,'2025-08-10','(512) 555-0226','profile_pics/default.png');
INSERT INTO users_angler VALUES(424,1,'2025-08-10','(512) 555-0227','profile_pics/default.png');
INSERT INTO users_angler VALUES(425,1,'2025-08-10','(512) 555-0228','profile_pics/default.png');
INSERT INTO users_angler VALUES(426,1,'2025-08-10','(512) 555-0229','profile_pics/default.png');
INSERT INTO users_angler VALUES(427,1,'2025-08-10','(512) 555-0230','profile_pics/default.png');
INSERT INTO users_angler VALUES(428,1,'2025-08-10','(512) 555-0231','profile_pics/default.png');
INSERT INTO users_angler VALUES(429,1,'2025-08-10','(512) 555-0232','profile_pics/default.png');
INSERT INTO users_angler VALUES(430,1,'2025-08-10','(512) 555-0233','profile_pics/default.png');
INSERT INTO users_angler VALUES(431,1,'2025-08-10','(512) 555-0234','profile_pics/default.png');
INSERT INTO users_angler VALUES(432,1,'2025-08-10','(512) 555-0235','profile_pics/default.png');
INSERT INTO users_angler VALUES(433,1,'2025-08-10','(512) 555-0236','profile_pics/default.png');
INSERT INTO users_angler VALUES(434,1,'2025-08-10','(512) 555-0237','profile_pics/default.png');
INSERT INTO users_angler VALUES(435,1,'2025-08-10','(512) 555-0238','profile_pics/default.png');
INSERT INTO users_angler VALUES(436,1,'2025-08-10','(512) 555-0239','profile_pics/default.png');
INSERT INTO users_angler VALUES(437,1,'2025-08-10','(512) 555-0240','profile_pics/default.png');
INSERT INTO users_angler VALUES(438,1,'2025-08-10','(512) 555-0241','profile_pics/default.png');
INSERT INTO users_angler VALUES(439,1,'2025-08-10','(512) 555-0242','profile_pics/default.png');
INSERT INTO users_angler VALUES(440,1,'2025-08-10','(512) 555-0243','profile_pics/default.png');
INSERT INTO users_angler VALUES(441,1,'2025-08-10','(512) 555-0244','profile_pics/default.png');
INSERT INTO users_angler VALUES(442,1,'2025-08-10','(512) 555-0245','profile_pics/default.png');
INSERT INTO users_angler VALUES(443,1,'2025-08-10','(512) 555-0246','profile_pics/default.png');
INSERT INTO users_angler VALUES(444,1,'2025-08-10','(512) 555-0247','profile_pics/default.png');
INSERT INTO users_angler VALUES(445,1,'2025-08-10','(512) 555-0248','profile_pics/default.png');
INSERT INTO users_angler VALUES(446,1,'2025-08-10','(512) 555-0249','profile_pics/default.png');
INSERT INTO users_angler VALUES(447,1,'2025-08-10','(512) 555-0250','profile_pics/default.png');
INSERT INTO users_angler VALUES(448,1,'2025-08-10','(512) 555-0251','profile_pics/default.png');
INSERT INTO users_angler VALUES(449,1,'2025-08-10','(512) 555-0252','profile_pics/default.png');
INSERT INTO users_angler VALUES(450,1,'2025-08-10','(512) 555-0253','profile_pics/default.png');
INSERT INTO users_angler VALUES(451,1,'2025-08-10','(512) 555-0254','profile_pics/default.png');
INSERT INTO users_angler VALUES(452,1,'2025-08-10','(512) 555-0255','profile_pics/default.png');
INSERT INTO users_angler VALUES(453,1,'2025-08-10','(512) 555-0256','profile_pics/default.png');
INSERT INTO users_angler VALUES(454,1,'2025-08-10','(512) 555-0257','profile_pics/default.png');
INSERT INTO users_angler VALUES(455,1,'2025-08-10','(512) 555-0258','profile_pics/default.png');
INSERT INTO users_angler VALUES(456,1,'2025-08-10','(512) 555-0259','profile_pics/default.png');
INSERT INTO users_angler VALUES(457,1,'2025-08-10','(512) 555-0260','profile_pics/default.png');
INSERT INTO users_angler VALUES(458,1,'2025-08-10','(512) 555-0261','profile_pics/default.png');
INSERT INTO users_angler VALUES(459,1,'2025-08-10','(512) 555-0262','profile_pics/default.png');
INSERT INTO users_angler VALUES(460,1,'2025-08-10','(512) 555-0263','profile_pics/default.png');
INSERT INTO users_angler VALUES(461,1,'2025-08-10','(512) 555-0264','profile_pics/default.png');
INSERT INTO users_angler VALUES(462,1,'2025-08-10','(512) 555-0265','profile_pics/default.png');
INSERT INTO users_angler VALUES(463,1,'2025-08-10','(512) 555-0266','profile_pics/default.png');
INSERT INTO users_angler VALUES(464,1,'2025-08-10','(512) 555-0267','profile_pics/default.png');
INSERT INTO users_angler VALUES(465,1,'2025-08-10','(512) 555-0268','profile_pics/default.png');
INSERT INTO users_angler VALUES(466,1,'2025-08-10','(512) 555-0269','profile_pics/default.png');
INSERT INTO users_angler VALUES(467,1,'2025-08-10','(512) 555-0270','profile_pics/default.png');
INSERT INTO users_angler VALUES(468,1,'2025-08-10','(512) 555-0271','profile_pics/default.png');
INSERT INTO users_angler VALUES(469,1,'2025-08-10','(512) 555-0272','profile_pics/default.png');
INSERT INTO users_angler VALUES(470,1,'2025-08-10','(512) 555-0273','profile_pics/default.png');
INSERT INTO users_angler VALUES(471,1,'2025-08-10','(512) 555-0274','profile_pics/default.png');
INSERT INTO users_angler VALUES(472,1,'2025-08-10','(512) 555-0275','profile_pics/default.png');
INSERT INTO users_angler VALUES(473,1,'2025-08-10','(512) 555-0276','profile_pics/default.png');
INSERT INTO users_angler VALUES(474,1,'2025-08-10','(512) 555-0277','profile_pics/default.png');
INSERT INTO users_angler VALUES(475,1,'2025-08-10','(512) 555-0278','profile_pics/default.png');
INSERT INTO users_angler VALUES(476,1,'2025-08-10','(512) 555-0279','profile_pics/default.png');
INSERT INTO users_angler VALUES(477,1,'2025-08-10','(512) 555-0280','profile_pics/default.png');
INSERT INTO users_angler VALUES(478,1,'2025-08-10','(512) 555-0281','profile_pics/default.png');
INSERT INTO users_angler VALUES(479,1,'2025-08-10','(512) 555-0282','profile_pics/default.png');
INSERT INTO users_angler VALUES(480,1,'2025-08-10','(512) 555-0283','profile_pics/default.png');
INSERT INTO users_angler VALUES(481,1,'2025-08-10','(512) 555-0284','profile_pics/default.png');
INSERT INTO users_angler VALUES(482,1,'2025-08-10','(512) 555-0285','profile_pics/default.png');
INSERT INTO users_angler VALUES(483,1,'2025-08-10','(512) 555-0286','profile_pics/default.png');
INSERT INTO users_angler VALUES(484,1,'2025-08-10','(512) 555-0287','profile_pics/default.png');
INSERT INTO users_angler VALUES(485,1,'2025-08-10','(512) 555-0288','profile_pics/default.png');
INSERT INTO users_angler VALUES(486,1,'2025-08-10','(512) 555-0289','profile_pics/default.png');
INSERT INTO users_angler VALUES(487,1,'2025-08-10','(512) 555-0290','profile_pics/default.png');
INSERT INTO users_angler VALUES(488,1,'2025-08-10','(512) 555-0291','profile_pics/default.png');
INSERT INTO users_angler VALUES(489,1,'2025-08-10','(512) 555-0292','profile_pics/default.png');
INSERT INTO users_angler VALUES(490,1,'2025-08-10','(512) 555-0293','profile_pics/default.png');
INSERT INTO users_angler VALUES(491,1,'2025-08-10','(512) 555-0294','profile_pics/default.png');
INSERT INTO users_angler VALUES(492,1,'2025-08-10','(512) 555-0295','profile_pics/default.png');
INSERT INTO users_angler VALUES(493,1,'2025-08-10','(512) 555-0296','profile_pics/default.png');
INSERT INTO users_angler VALUES(494,1,'2025-08-10','(512) 555-0297','profile_pics/default.png');
INSERT INTO users_angler VALUES(495,1,'2025-08-10','(512) 555-0298','profile_pics/default.png');
INSERT INTO users_angler VALUES(496,1,'2025-08-10','(512) 555-0299','profile_pics/default.png');
INSERT INTO users_angler VALUES(497,1,'2025-08-10','(512) 555-0300','profile_pics/default.png');
INSERT INTO users_angler VALUES(498,1,'2025-08-10','(512) 555-0301','profile_pics/default.png');
INSERT INTO users_angler VALUES(499,1,'2025-08-10','(512) 555-0302','profile_pics/default.png');
INSERT INTO users_angler VALUES(500,1,'2025-08-10','(512) 555-0303','profile_pics/default.png');
INSERT INTO users_angler VALUES(501,1,'2025-08-10','(512) 555-0304','profile_pics/default.png');
INSERT INTO users_angler VALUES(502,1,'2025-08-10','(512) 555-0305','profile_pics/default.png');
INSERT INTO users_angler VALUES(503,1,'2025-08-10','(512) 555-0306','profile_pics/default.png');
INSERT INTO users_angler VALUES(504,1,'2025-08-10','(512) 555-0307','profile_pics/default.png');
INSERT INTO users_angler VALUES(505,1,'2025-08-10','(512) 555-0308','profile_pics/default.png');
INSERT INTO users_angler VALUES(506,1,'2025-08-10','(512) 555-0309','profile_pics/default.png');
INSERT INTO users_angler VALUES(507,1,'2025-08-10','(512) 555-0310','profile_pics/default.png');
INSERT INTO users_angler VALUES(508,1,'2025-08-10','(512) 555-0311','profile_pics/default.png');
INSERT INTO users_angler VALUES(509,1,'2025-08-10','(512) 555-0312','profile_pics/default.png');
INSERT INTO users_angler VALUES(510,1,'2025-08-10','(512) 555-0313','profile_pics/default.png');
INSERT INTO users_angler VALUES(511,1,'2025-08-10','(512) 555-0314','profile_pics/default.png');
INSERT INTO users_angler VALUES(512,1,'2025-08-10','(512) 555-0315','profile_pics/default.png');
INSERT INTO users_angler VALUES(513,1,'2025-08-10','(512) 555-0316','profile_pics/default.png');
INSERT INTO users_angler VALUES(514,1,'2025-08-10','(512) 555-0317','profile_pics/default.png');
INSERT INTO users_angler VALUES(515,1,'2025-08-10','(512) 555-0318','profile_pics/default.png');
INSERT INTO users_angler VALUES(516,1,'2025-08-10','(512) 555-0319','profile_pics/default.png');
INSERT INTO users_angler VALUES(517,1,'2025-08-10','(512) 555-0320','profile_pics/default.png');
INSERT INTO users_angler VALUES(518,1,'2025-08-10','(512) 555-0321','profile_pics/default.png');
INSERT INTO users_angler VALUES(519,1,'2025-08-10','(512) 555-0322','profile_pics/default.png');
INSERT INTO users_angler VALUES(520,1,'2025-08-10','(512) 555-0323','profile_pics/default.png');
INSERT INTO users_angler VALUES(521,1,'2025-08-10','(512) 555-0324','profile_pics/default.png');
INSERT INTO users_angler VALUES(522,1,'2025-08-10','(512) 555-0325','profile_pics/default.png');
INSERT INTO users_angler VALUES(523,1,'2025-08-10','(512) 555-0326','profile_pics/default.png');
INSERT INTO users_angler VALUES(524,1,'2025-08-10','(512) 555-0327','profile_pics/default.png');
INSERT INTO users_angler VALUES(525,1,'2025-08-10','(512) 555-0328','profile_pics/default.png');
INSERT INTO users_angler VALUES(526,1,'2025-08-10','(512) 555-0329','profile_pics/default.png');
INSERT INTO users_angler VALUES(527,1,'2025-08-10','(512) 555-0330','profile_pics/default.png');
INSERT INTO users_angler VALUES(528,1,'2025-08-10','(512) 555-0331','profile_pics/default.png');
INSERT INTO users_angler VALUES(529,1,'2025-08-10','(512) 555-0332','profile_pics/default.png');
INSERT INTO users_angler VALUES(530,1,'2025-08-10','(512) 555-0333','profile_pics/default.png');
INSERT INTO users_angler VALUES(531,1,'2025-08-10','(512) 555-0334','profile_pics/default.png');
INSERT INTO users_angler VALUES(532,1,'2025-08-10','(512) 555-0335','profile_pics/default.png');
INSERT INTO users_angler VALUES(533,1,'2025-08-10','(512) 555-0336','profile_pics/default.png');
INSERT INTO users_angler VALUES(534,1,'2025-08-10','(512) 555-0337','profile_pics/default.png');
INSERT INTO users_angler VALUES(535,1,'2025-08-10','(512) 555-0338','profile_pics/default.png');
INSERT INTO users_angler VALUES(536,1,'2025-08-10','(512) 555-0339','profile_pics/default.png');
INSERT INTO users_angler VALUES(537,1,'2025-08-10','(512) 555-0340','profile_pics/default.png');
INSERT INTO users_angler VALUES(538,0,'2025-08-10','(512) 555-0400','profile_pics/default.png');
INSERT INTO users_angler VALUES(539,0,'2025-08-10','(512) 555-0401','profile_pics/default.png');
INSERT INTO users_angler VALUES(540,0,'2025-08-10','(512) 555-0402','profile_pics/default.png');
INSERT INTO users_angler VALUES(541,0,'2025-08-10','(512) 555-0403','profile_pics/default.png');
INSERT INTO users_angler VALUES(542,0,'2025-08-10','(512) 555-0404','profile_pics/default.png');
INSERT INTO users_angler VALUES(544,1,'2025-08-13','','profile_pics/default.png');
INSERT INTO users_angler VALUES(545,1,'2025-08-13','','profile_pics/default.png');
CREATE TABLE IF NOT EXISTS "tournaments_tournament" ("id" integer NOT NULL PRIMARY KEY AUTOINCREMENT, "name" varchar(256) NOT NULL, "points_count" bool NOT NULL, "team" bool NOT NULL, "paper" bool NOT NULL, "facebook_url" varchar(512) NOT NULL, "instagram_url" varchar(512) NOT NULL, "description" text NOT NULL, "complete" bool NOT NULL, "event_id" integer NULL REFERENCES "tournaments_events" ("id") DEFERRABLE INITIALLY DEFERRED, "lake_id" integer NULL REFERENCES "tournaments_lake" ("id") DEFERRABLE INITIALLY DEFERRED, "payout_multiplier_id" integer NULL REFERENCES "tournaments_payoutmultipliers" ("id") DEFERRABLE INITIALLY DEFERRED, "ramp_id" integer NULL REFERENCES "tournaments_ramp" ("id") DEFERRABLE INITIALLY DEFERRED, "rules_id" integer NULL REFERENCES "tournaments_ruleset" ("id") DEFERRABLE INITIALLY DEFERRED);
INSERT INTO tournaments_tournament VALUES(13,'January Kickoff Tournament',1,0,0,'https://www.facebook.com/SouthAustinBassClub','https://www.instagram.com/south_austin_bass_club','Start the 2024 season strong at Lake Travis! Early morning bite should be good with cooler water temps.',1,14,81,6,145,6);
INSERT INTO tournaments_tournament VALUES(14,'February Team Challenge',1,1,0,'https://www.facebook.com/SouthAustinBassClub','https://www.instagram.com/south_austin_bass_club','Team tournament on beautiful Canyon Lake. Clear water means finesse tactics will be key.',1,15,87,6,157,6);
INSERT INTO tournaments_tournament VALUES(15,'March Madness Tournament',1,0,0,'https://www.facebook.com/SouthAustinBassClub','https://www.instagram.com/south_austin_bass_club','Spring patterns are starting to emerge! Look for bass moving shallow as water temps rise.',1,16,86,6,155,6);
INSERT INTO tournaments_tournament VALUES(16,'April Spawning Spectacular',1,0,0,'https://www.facebook.com/SouthAustinBassClub','https://www.instagram.com/south_austin_bass_club','Prime spawning season! Be respectful of bedding bass and practice catch & release.',1,17,84,6,152,6);
INSERT INTO tournaments_tournament VALUES(17,'May Team Derby',1,1,0,'https://www.facebook.com/SouthAustinBassClub','https://www.instagram.com/south_austin_bass_club','Team tournament on clear Stillhouse Hollow. Rocky structure and deep water make for exciting fishing.',1,18,93,6,166,6);
INSERT INTO tournaments_tournament VALUES(18,'June Summer Slam',1,0,0,'https://www.facebook.com/SouthAustinBassClub','https://www.instagram.com/south_austin_bass_club','Beat the heat with an early start! Summer patterns are in full effect.',1,19,94,6,168,6);
INSERT INTO tournaments_tournament VALUES(19,'July Independence Tournament',1,0,0,'https://www.facebook.com/SouthAustinBassClub','https://www.instagram.com/south_austin_bass_club','Celebrate independence with some great bass fishing! Very early start to beat the Texas heat.',1,20,92,6,164,6);
INSERT INTO tournaments_tournament VALUES(20,'August Heat Wave Challenge',1,0,0,'https://www.facebook.com/SouthAustinBassClub','https://www.instagram.com/south_austin_bass_club','Extreme early start for the hottest month! Deep water tactics will be essential.',1,21,96,6,171,6);
INSERT INTO tournaments_tournament VALUES(21,'September Fall Kickoff',1,0,0,'https://www.facebook.com/SouthAustinBassClub','https://www.instagram.com/south_austin_bass_club','World-famous Lake Fork! This could be the tournament where someone catches their personal best.',0,22,99,6,177,6);
INSERT INTO tournaments_tournament VALUES(22,'October Team Championship',1,1,0,'https://www.facebook.com/SouthAustinBassClub','https://www.instagram.com/south_austin_bass_club','Team championship on massive Toledo Bend! Fall patterns should produce some memorable catches.',0,23,97,6,173,6);
INSERT INTO tournaments_tournament VALUES(23,'November Pre-Winter Classic',1,0,0,'https://www.facebook.com/SouthAustinBassClub','https://www.instagram.com/south_austin_bass_club','Last chance for big weights before winter! Sam Rayburn always delivers quality bass.',0,24,98,6,175,6);
INSERT INTO tournaments_tournament VALUES(24,'December Year-End Classic',1,0,0,'https://www.facebook.com/SouthAustinBassClub','https://www.instagram.com/south_austin_bass_club','Year-end tournament at the warm-water discharge lake. Great place to fish in cooler weather!',0,25,89,6,161,6);
DELETE FROM sqlite_sequence;
INSERT INTO sqlite_sequence VALUES('django_migrations',41);
INSERT INTO sqlite_sequence VALUES('django_admin_log',0);
INSERT INTO sqlite_sequence VALUES('django_content_type',19);
INSERT INTO sqlite_sequence VALUES('auth_permission',76);
INSERT INTO sqlite_sequence VALUES('auth_group',0);
INSERT INTO sqlite_sequence VALUES('auth_user',545);
INSERT INTO sqlite_sequence VALUES('polls_lakevote',1016);
INSERT INTO sqlite_sequence VALUES('polls_lakepoll',13);
INSERT INTO sqlite_sequence VALUES('tournaments_teamresult',12);
INSERT INTO sqlite_sequence VALUES('tournaments_result',84);
INSERT INTO sqlite_sequence VALUES('tournaments_events',25);
INSERT INTO sqlite_sequence VALUES('tournaments_payoutmultipliers',6);
INSERT INTO sqlite_sequence VALUES('tournaments_ruleset',6);
INSERT INTO sqlite_sequence VALUES('users_officers',16);
INSERT INTO sqlite_sequence VALUES('tournaments_lake',101);
INSERT INTO sqlite_sequence VALUES('tournaments_ramp',180);
INSERT INTO sqlite_sequence VALUES('polls_lakepoll_choices',55);
INSERT INTO sqlite_sequence VALUES('tournaments_tournament',24);
CREATE UNIQUE INDEX "auth_group_permissions_group_id_permission_id_0cd325b0_uniq" ON "auth_group_permissions" ("group_id", "permission_id");
CREATE INDEX "auth_group_permissions_group_id_b120cbf9" ON "auth_group_permissions" ("group_id");
CREATE INDEX "auth_group_permissions_permission_id_84c5c92e" ON "auth_group_permissions" ("permission_id");
CREATE UNIQUE INDEX "auth_user_groups_user_id_group_id_94350c0c_uniq" ON "auth_user_groups" ("user_id", "group_id");
CREATE INDEX "auth_user_groups_user_id_6a12ed8b" ON "auth_user_groups" ("user_id");
CREATE INDEX "auth_user_groups_group_id_97559544" ON "auth_user_groups" ("group_id");
CREATE UNIQUE INDEX "auth_user_user_permissions_user_id_permission_id_14a6b632_uniq" ON "auth_user_user_permissions" ("user_id", "permission_id");
CREATE INDEX "auth_user_user_permissions_user_id_a95ead1b" ON "auth_user_user_permissions" ("user_id");
CREATE INDEX "auth_user_user_permissions_permission_id_1fbb5f2c" ON "auth_user_user_permissions" ("permission_id");
CREATE INDEX "django_admin_log_content_type_id_c4bce8eb" ON "django_admin_log" ("content_type_id");
CREATE INDEX "django_admin_log_user_id_c564eba6" ON "django_admin_log" ("user_id");
CREATE UNIQUE INDEX "django_content_type_app_label_model_76bd3d3b_uniq" ON "django_content_type" ("app_label", "model");
CREATE UNIQUE INDEX "auth_permission_content_type_id_codename_01ab375a_uniq" ON "auth_permission" ("content_type_id", "codename");
CREATE INDEX "auth_permission_content_type_id_2f476e4b" ON "auth_permission" ("content_type_id");
CREATE INDEX "tournaments_ramp_lake_id_7c91bfab" ON "tournaments_ramp" ("lake_id");
CREATE UNIQUE INDEX "polls_lakepoll_choices_lakepoll_id_lake_id_5c541cdc_uniq" ON "polls_lakepoll_choices" ("lakepoll_id", "lake_id");
CREATE INDEX "polls_lakepoll_choices_lakepoll_id_bdb365df" ON "polls_lakepoll_choices" ("lakepoll_id");
CREATE INDEX "polls_lakepoll_choices_lake_id_a9513b50" ON "polls_lakepoll_choices" ("lake_id");
CREATE INDEX "polls_lakevote_angler_id_9b632796" ON "polls_lakevote" ("angler_id");
CREATE INDEX "polls_lakevote_choice_id_02436256" ON "polls_lakevote" ("choice_id");
CREATE INDEX "polls_lakevote_poll_id_bc55e03b" ON "polls_lakevote" ("poll_id");
CREATE INDEX "django_session_expire_date_a5c62663" ON "django_session" ("expire_date");
CREATE INDEX "tournaments_teamresult_result_1_id_f82486ed" ON "tournaments_teamresult" ("result_1_id");
CREATE INDEX "tournaments_teamresult_result_2_id_c1801dae" ON "tournaments_teamresult" ("result_2_id");
CREATE INDEX "tournaments_teamresult_tournament_id_ab03767a" ON "tournaments_teamresult" ("tournament_id");
CREATE INDEX "tournaments_result_angler_id_4da4bb37" ON "tournaments_result" ("angler_id");
CREATE INDEX "tournaments_result_tournament_id_9fceccc9" ON "tournaments_result" ("tournament_id");
CREATE INDEX "users_officers_angler_id_926b3f3d" ON "users_officers" ("angler_id");
CREATE INDEX "tournaments_calendarevent_lake_id_17a5a4a7" ON "tournaments_calendarevent" ("lake_id");
CREATE INDEX "polls_lakepoll_event_id_0b864699" ON "polls_lakepoll" ("event_id");
CREATE INDEX "tournaments_tournament_event_id_8ca14785" ON "tournaments_tournament" ("event_id");
CREATE INDEX "tournaments_tournament_lake_id_65696f4b" ON "tournaments_tournament" ("lake_id");
CREATE INDEX "tournaments_tournament_payout_multiplier_id_d73ae5f6" ON "tournaments_tournament" ("payout_multiplier_id");
CREATE INDEX "tournaments_tournament_ramp_id_71a70171" ON "tournaments_tournament" ("ramp_id");
CREATE INDEX "tournaments_tournament_rules_id_3b4d0a94" ON "tournaments_tournament" ("rules_id");
COMMIT;
